cyclone_id,disturbance_id,cyclone_name,season_year,season_label,month,peak_datetime,first_in_region,last_in_region,hours_in_region,category,category_from_pres,max_wind_ms,max_wind_kmh,min_pressure_hpa,peak_lat,peak_lon,km_to_port_hedland,close_port_hedland,km_to_dampier,close_dampier,track_points,data_tier
1,AU201415_16U,Olwyn,2015,2014-15,2015-03-01,2015-03-12 18:00:00,2015-03-11 18:00:00,2015-03-13 00:00:00,30.0,3,3,38.6,139.0,955.0,-22.21,113.74,413.8,False,231.4,False,28,A
2,AU201415_21U,Quang,2015,2014-15,2015-05-01,2015-05-01 03:00:00,2015-05-01 03:00:00,2015-05-01 12:00:00,9.0,2,1,28.3,101.9,985.0,-21.2,113.6,458.8,False,276.6,False,21,A
3,AU201516_08U,Stan,2016,2015-16,2016-01-01,2016-01-30 06:00:00,2016-01-29 06:00:00,2016-01-31 06:00:00,48.0,2,2,28.3,101.9,980.0,-18.7,118.9,135.3,True,315.7,False,21,A
4,AU201617_14U,Unnamed,2017,2016-17,2017-01-01,2017-01-28 06:00:00,2017-01-26 18:00:00,2017-01-28 06:00:00,36.0,1,1,23.2,83.5,986.0,-20.3,113.0,184.4,False,141.8,True,22,A
5,AU201617_22U,Unnamed,2017,2016-17,2017-03-01,2017-03-23 03:00:00,2017-03-22 06:00:00,2017-03-23 18:00:00,36.0,2,1,25.7,92.5,985.0,-20.0,118.4,8.4,True,176.8,False,21,A
6,AU201718_06U,Hilda,2017,2017-18,2017-12-01,2017-12-27 09:00:00,2017-12-27 09:00:00,2017-12-28 18:00:00,33.0,2,2,28.3,101.9,980.0,-17.8,122.2,322.0,False,519.2,False,14,A
7,AU201718_09U,Joyce,2018,2017-18,2018-01-01,2018-01-12 12:00:00,2018-01-11 12:00:00,2018-01-13 12:00:00,48.0,2,2,25.7,92.5,975.0,-20.1,119.9,91.3,True,208.7,False,34,A
8,AU201718_17U,Kelvin,2018,2017-18,2018-02-01,2018-02-18 06:00:00,2018-02-16 06:00:00,2018-02-18 12:00:00,54.0,3,3,41.2,148.3,955.0,-19.8,122.1,239.3,False,433.7,False,35,A
9,AU201819_12U,Riley,2019,2018-19,2019-01-01,2019-01-27 06:00:00,2019-01-26 06:00:00,2019-01-27 06:00:00,24.0,3,2,36.0,129.6,971.0,-17.6,113.7,349.1,False,343.0,False,51,A
10,AU201819_19U,Veronica,2019,2018-19,2019-03-01,2019-03-24 00:00:00,2019-03-22 00:00:00,2019-03-26 18:00:00,114.0,4,4,48.9,176.0,941.0,-20.0,117.6,91.8,True,35.0,True,41,A
11,AU201920_02U,Blake,2020,2019-20,2020-01-01,2020-01-06 12:00:00,2020-01-06 12:00:00,2020-01-08 12:00:00,48.0,1,1,20.6,74.2,987.0,-17.5,122.2,101.1,True,290.4,False,18,A
12,AU201920_05U,Damien,2020,2019-20,2020-02-01,2020-02-08 03:00:00,2020-02-06 09:00:00,2020-02-09 12:00:00,75.0,3,3,43.7,157.3,955.0,-19.9,116.5,191.8,False,6.8,True,45,A
13,AU201920_09U,Unnamed,2020,2019-20,2020-03-01,2020-03-12 12:00:00,2020-03-11 18:00:00,2020-03-13 06:00:00,36.0,1,0,23.2,83.5,995.0,-20.8,114.8,366.3,False,199.2,False,19,A
14,AU202021_02U,Unnamed,2020,2020-21,2020-12-01,2020-12-11 00:00:00,2020-12-11 00:00:00,2020-12-11 06:00:00,6.0,1,0,23.2,83.5,992.0,-19.36,117.12,40.6,True,150.8,False,26,A
15,AU202021_08U,Unnamed,2021,2020-21,2021-01-01,2021-01-22 00:00:00,2021-01-21 18:00:00,2021-01-22 18:00:00,24.0,1,0,18.0,64.8,992.0,-18.3,119.9,220.0,False,416.3,False,22,A
16,AU202021_12U,Unnamed,2021,2020-21,2021-02-01,2021-02-01 00:00:00,2021-01-31 12:00:00,2021-02-03 18:00:00,78.0,0,0,15.4,55.4,992.0,-20.7,119.4,68.0,True,106.3,True,45,A
17,AU202122_23U,Anika,2022,2021-22,2022-03-01,2022-03-02 12:00:00,2022-03-01 18:00:00,2022-03-03 06:00:00,36.0,2,2,25.7,92.5,978.0,-19.75,120.53,213.0,False,411.3,False,34,A
18,AU202223_16U,Unnamed,2023,2022-23,2023-02-01,2023-02-23 12:00:00,2023-02-22 14:00:00,2023-02-24 18:00:00,52.0,0,0,7.7,27.7,1001.0,-18.15,116.58,260.7,False,240.2,False,64,A
19,AU202223_23U,Ilsa,2023,2022-23,2023-04-01,2023-04-13 12:00:00,2023-04-13 00:00:00,2023-04-14 00:00:00,24.0,5,4,64.3,231.5,930.0,-19.4,119.1,114.9,True,286.3,False,38,A
20,AU202324_07U,Lincoln,2024,2023-24,2024-02-01,2024-02-23 00:00:00,2024-02-23 00:00:00,2024-02-24 13:30:00,37.5,1,0,18.0,64.8,997.0,-17.9,115.1,453.3,False,350.3,False,52,A
21,AU202324_08U,Neville,2024,2023-24,2024-03-01,2024-03-15 06:00:00,2024-03-15 06:00:00,2024-03-15 18:00:00,12.0,0,0,15.4,55.4,996.0,-17.5,115.2,473.3,False,374.9,False,75,A
22,AU202324_11U,Olga,2024,2023-24,2024-04-01,2024-04-09 06:00:00,2024-04-09 06:00:00,2024-04-11 18:00:00,60.0,1,0,23.2,83.5,993.0,-17.6,116.7,303.4,False,150.2,False,30,A
23,AU202425_11U,Sean,2025,2024-25,2025-01-01,2025-01-19 18:00:00,2025-01-17 00:00:00,2025-01-19 18:00:00,66.0,3,3,38.6,139.0,965.0,-20.4,113.3,111.0,True,153.9,False,27,A
24,AU202425_18U,Zelia,2025,2024-25,2025-02-01,2025-02-14 00:00:00,2025-02-11 18:00:00,2025-02-14 18:00:00,72.0,4,5,59.2,213.1,927.0,-19.48,118.64,58.1,True,218.5,False,30,A
25,AU202526_21U,Mitchell,2026,2025-26,2026-02-01,2026-02-07 12:00:00,2026-02-05 22:00:00,2026-02-09 00:00:00,74.0,3,3,38.6,139.0,963.0,-20.0,116.7,144.4,True,73.4,True,53,A
26,AU202526_30U,Unnamed,2026,2025-26,2026-03-01,2026-03-05 06:00:00,2026-03-05 06:00:00,2026-03-05 12:00:00,6.0,0,0,15.4,55.4,992.0,-17.55,118.4,307.5,False,329.1,False,34,A
27,AU202526_34U,Narelle,2026,2025-26,2026-03-01,2026-03-26 06:00:00,2026-03-25 06:00:00,2026-03-27 06:00:00,48.0,3,4,43.7,157.3,945.0,-19.5,115.4,266.3,False,188.0,False,58,A
