port,year,month_num,month,source_url,source_file,retrieved,data_tier,total_throughput_t,iron_ore_t,vessel_arrivals,parse_note,total_throughput_mt,iron_ore_mt,n_cyclones,max_category,total_severity,weighted_severity,max_pressure_deficit,nearest_km,t,severe,severity_lag1,fitted_mt,capability_mt,lost_mt,lost_lo_mt,lost_hi_mt,availability,daily_capability_mt,downtime_days,downtime_hours,failure_mode,below_target
port_hedland,2015,1,2015-01-01,"https://www.pilbaraports.com.au/pilbaraportsauthority/media/documents/port%20of%20port%20hedland/about%20the%20port%20of%20port%20hedland/port%20statistics%20and%20reports/cargo%20weights%20by%20cargo%20type/2015/cargo,-grt-and-dwt-january-2015.pdf",2015-01.pdf,2026-09-02,A,37325680.64,,245.0,,37.32568064,,0.0,0.0,0.0,0.0,0.0,9999.0,0,0,0.0,38.54954214679078,38.54954214679078,0.0,0.0,0.0,1.0,1.2680770443023284,0.0,0.0,No weather event,False
port_hedland,2015,2,2015-02-01,"https://www.pilbaraports.com.au/pilbaraportsauthority/media/documents/port%20of%20port%20hedland/about%20the%20port%20of%20port%20hedland/port%20statistics%20and%20reports/cargo%20weights%20by%20cargo%20type/2015/cargo,-grt-and-dwt-february-2015.pdf",2015-02.pdf,2026-09-02,A,36060758.08,,243.0,,36.06075808,,0.0,0.0,0.0,0.0,0.0,9999.0,1,0,0.0,33.88587027935358,33.88587027935358,0.0,0.0,0.0,1.0,1.114666785505052,0.0,0.0,No weather event,False
port_hedland,2015,3,2015-03-01,"https://www.pilbaraports.com.au/pilbaraportsauthority/media/documents/port%20of%20port%20hedland/about%20the%20port%20of%20port%20hedland/port%20statistics%20and%20reports/cargo%20weights%20by%20cargo%20type/2015/cargo,-grt-and-dwt-march-2015.pdf",2015-03.pdf,2026-09-02,A,37104741.0,,235.0,,37.104741,,1.0,3.0,3.0,0.3789360918020126,55.0,413.8,2,1,0.0,39.44738038079369,40.077162334101885,0.6297819533081963,0.34450852405203725,0.9150553825643568,0.9842857648438769,1.3183277083586147,0.47771274874614217,11.465105969907412,Weather - severe cyclone,False
port_hedland,2015,4,2015-04-01,"https://www.pilbaraports.com.au/pilbaraportsauthority/media/documents/port%20of%20port%20hedland/about%20the%20port%20of%20port%20hedland/port%20statistics%20and%20reports/cargo%20weights%20by%20cargo%20type/2015/cargo,-grt-and-dwt-april-2015.pdf",2015-04.pdf,2026-09-02,A,35859817.32,,223.0,,35.85981732,,0.0,0.0,0.0,0.0,0.0,9999.0,3,0,0.3789360918020126,39.23825833741245,39.23825833741245,0.0,0.0,0.0,1.0,1.2907321821517252,0.0,0.0,No weather event,False
port_hedland,2015,5,2015-05-01,"https://www.pilbaraports.com.au/pilbaraportsauthority/media/documents/port%20of%20port%20hedland/about%20the%20port%20of%20port%20hedland/port%20statistics%20and%20reports/cargo%20weights%20by%20cargo%20type/2015/cargo,-grt-and-dwt-may-2015.pdf",2015-05.pdf,2026-09-02,A,38729450.61,,239.0,,38.72945061,,1.0,2.0,2.0,0.2017244101181328,25.0,458.8,4,0,0.0,41.68818242766282,42.02344316366185,0.33526073599903583,0.18339709597093776,0.4871243760271368,0.9920220545781232,1.382350104067824,0.2425295408250546,5.82070897980131,Weather - cyclone or tropical low,False
port_hedland,2015,6,2015-06-01,"https://www.pilbaraports.com.au/pilbaraportsauthority/media/documents/port%20of%20port%20hedland/about%20the%20port%20of%20port%20hedland/port%20statistics%20and%20reports/cargo%20weights%20by%20cargo%20type/2015/cargo,-grt-and-dwt-june-2015_1.pdf",2015-06.pdf,2026-09-02,A,38830951.62,,232.0,,38.83095162,,0.0,0.0,0.0,0.0,0.0,9999.0,5,0,0.2017244101181328,43.99780081566195,43.99780081566195,0.0,0.0,0.0,1.0,1.447296079462564,0.0,0.0,No weather event,False
port_hedland,2015,7,2015-07-01,"https://www.pilbaraports.com.au/pilbaraportsauthority/media/documents/port%20of%20port%20hedland/about%20the%20port%20of%20port%20hedland/port%20statistics%20and%20reports/cargo%20weights%20by%20cargo%20type/2015/cargo,-grt-and-dwt-july-2015(new).pdf",2015-07.pdf,2026-09-02,A,35852880.48,,216.0,,35.852880479999996,,0.0,0.0,0.0,0.0,0.0,9999.0,6,0,0.0,37.367585242038416,37.367585242038416,0.0,0.0,0.0,1.0,1.22919688296179,0.0,0.0,No weather event,False
port_hedland,2015,8,2015-08-01,"https://www.pilbaraports.com.au/pilbaraportsauthority/media/documents/port%20of%20port%20hedland/about%20the%20port%20of%20port%20hedland/port%20statistics%20and%20reports/cargo%20weights%20by%20cargo%20type/2015/cargo,-grt-and-dwt-statistics-by-commodity-type-aug-2015.pdf",2015-08.pdf,2026-09-02,A,39855206.1,,241.0,,39.8552061,,0.0,0.0,0.0,0.0,0.0,9999.0,7,0,0.0,40.35030602991135,40.35030602991135,0.0,0.0,0.0,1.0,1.327312698352347,0.0,0.0,No weather event,False
port_hedland,2015,9,2015-09-01,"https://www.pilbaraports.com.au/pilbaraportsauthority/media/documents/port%20of%20port%20hedland/about%20the%20port%20of%20port%20hedland/port%20statistics%20and%20reports/cargo%20weights%20by%20cargo%20type/2015/cargo,-grt-and-dwt-statistics-by-commodity-type-sept-2015.pdf",2015-09.pdf,2026-09-02,A,39987651.33,,239.0,,39.98765133,,0.0,0.0,0.0,0.0,0.0,9999.0,8,0,0.0,40.4564365953659,40.4564365953659,0.0,0.0,0.0,1.0,1.3308038353738785,0.0,0.0,No weather event,False
port_hedland,2015,10,2015-10-01,"https://www.pilbaraports.com.au/pilbaraportsauthority/media/documents/port%20of%20port%20hedland/about%20the%20port%20of%20port%20hedland/port%20statistics%20and%20reports/cargo%20weights%20by%20cargo%20type/2015/cargo,-grt-and-dwt-statistics-by-commodity-type-oct-2015.pdf",2015-10.pdf,2026-09-02,A,37088397.7,,223.0,,37.0883977,,0.0,0.0,0.0,0.0,0.0,9999.0,9,0,0.0,39.81512922082044,39.81512922082044,0.0,0.0,0.0,1.0,1.3097081980533039,0.0,0.0,No weather event,False
port_hedland,2015,11,2015-11-01,"https://www.pilbaraports.com.au/pilbaraportsauthority/media/documents/port%20of%20port%20hedland/about%20the%20port%20of%20port%20hedland/port%20statistics%20and%20reports/cargo%20weights%20by%20cargo%20type/2015/cargo,-grt-and-dwt-statistics-by-commodity-type-nov-2015.pdf",2015-11.pdf,2026-09-02,A,37966936.75,,234.0,,37.96693675,,0.0,0.0,0.0,0.0,0.0,9999.0,10,0,0.0,39.12626947445681,39.12626947445681,0.0,0.0,0.0,1.0,1.287048337975553,0.0,0.0,No weather event,False
port_hedland,2015,12,2015-12-01,"https://www.pilbaraports.com.au/pilbaraportsauthority/media/documents/port%20of%20port%20hedland/about%20the%20port%20of%20port%20hedland/port%20statistics%20and%20reports/cargo%20weights%20by%20cargo%20type/2015/cargo,-grt-and-dwt-statistics-by-commodity-type-dec-2015.pdf",2015-12.pdf,2026-09-02,A,38100794.86,,233.0,,38.10079486,,0.0,0.0,0.0,0.0,0.0,9999.0,11,0,0.0,42.9696958486992,42.9696958486992,0.0,0.0,0.0,1.0,1.4134768371282633,0.0,0.0,No weather event,False
port_hedland,2016,1,2016-01-01,"https://www.pilbaraports.com.au/pilbaraportsauthority/media/documents/port%20of%20port%20hedland/about%20the%20port%20of%20port%20hedland/port%20statistics%20and%20reports/cargo%20weights%20by%20cargo%20type/2016/cargo,-grt-and-dwt-statistics-by-commodity-type-jan-2016.pdf",2016-01.pdf,2026-09-02,A,34087619.5,,207.0,,34.0876195,,1.0,2.0,2.0,1.0167865169826358,30.0,135.3,12,0,0.0,37.84437185679469,39.53424466811121,1.6898728113165191,0.9244081781070375,2.4553374445260063,0.9572554673675202,1.3004685746089213,1.2994337920273853,31.186411008657245,Weather - cyclone or tropical low,True
port_hedland,2016,3,2016-03-01,"https://www.pilbaraports.com.au/pilbaraportsauthority/media/documents/port%20of%20port%20hedland/about%20the%20port%20of%20port%20hedland/port%20statistics%20and%20reports/cargo%20weights%20by%20cargo%20type/2016/cargo,-grt-and-dwt-statistics-by-commodity-type-mar-2016.pdf",2016-03.pdf,2026-09-02,A,39977027.95,,238.0,,39.97702795,,0.0,0.0,0.0,0.0,0.0,9999.0,13,0,1.0167865169826358,40.97980631197894,40.97980631197894,0.0,0.0,0.0,1.0,1.3480199444729914,0.0,0.0,No weather event,False
port_hedland,2016,4,2016-04-01,"https://www.pilbaraports.com.au/pilbaraportsauthority/media/documents/port%20of%20port%20hedland/about%20the%20port%20of%20port%20hedland/port%20statistics%20and%20reports/cargo%20weights%20by%20cargo%20type/2016/cargo,-grt-and-dwt-statistics-by-commodity-type-apr-2016.pdf",2016-04.pdf,2026-09-02,A,38091370.88,,218.0,,38.09137088,,0.0,0.0,0.0,0.0,0.0,9999.0,14,0,0.0,40.1409023152895,40.1409023152895,0.0,0.0,0.0,1.0,1.320424418266102,0.0,0.0,No weather event,False
port_hedland,2016,5,2016-05-01,"https://www.pilbaraports.com.au/pilbaraportsauthority/media/documents/port%20of%20port%20hedland/about%20the%20port%20of%20port%20hedland/port%20statistics%20and%20reports/cargo%20weights%20by%20cargo%20type/2016/cargo,-grt-and-dwt-statistics-by-commodity-type-may-2016.pdf",2016-05.pdf,2026-09-02,A,39812204.21,,228.0,,39.81220421,,0.0,0.0,0.0,0.0,0.0,9999.0,15,0,0.0,42.92608714153891,42.92608714153891,0.0,0.0,0.0,1.0,1.4120423401822009,0.0,0.0,No weather event,False
port_hedland,2016,6,2016-06-01,"https://www.pilbaraports.com.au/pilbaraportsauthority/media/documents/port%20of%20port%20hedland/about%20the%20port%20of%20port%20hedland/port%20statistics%20and%20reports/cargo%20weights%20by%20cargo%20type/2016/cargo,-grt-and-dwt-statistics-by-commodity-type-june-2016.pdf",2016-06.pdf,2026-09-02,A,42236205.84,,242.0,,42.23620584,,0.0,0.0,0.0,0.0,0.0,9999.0,16,0,0.0,44.90044479353901,44.90044479353901,0.0,0.0,0.0,1.0,1.4769883155769412,0.0,0.0,No weather event,False
port_hedland,2016,7,2016-07-01,"https://www.pilbaraports.com.au/pilbaraportsauthority/media/documents/port%20of%20port%20hedland/about%20the%20port%20of%20port%20hedland/port%20statistics%20and%20reports/cargo%20weights%20by%20cargo%20type/2016/cargo,-grt-and-dwt-statistics-by-commodity-type-july-2016.pdf",2016-07.pdf,2026-09-02,A,39020582.24,,223.0,,39.02058224,,0.0,0.0,0.0,0.0,0.0,9999.0,17,0,0.0,38.27022921991547,38.27022921991547,0.0,0.0,0.0,1.0,1.2588891190761669,0.0,0.0,No weather event,False
port_hedland,2016,8,2016-08-01,"https://www.pilbaraports.com.au/pilbaraportsauthority/media/documents/port%20of%20port%20hedland/about%20the%20port%20of%20port%20hedland/port%20statistics%20and%20reports/cargo%20weights%20by%20cargo%20type/2016/cargo,-grt-and-dwt-statistics-by-commodity-type-aug-16.pdf",2016-08.pdf,2026-09-02,A,43556597.46,,253.0,,43.55659746,,0.0,0.0,0.0,0.0,0.0,9999.0,18,0,0.0,41.25295000778841,41.25295000778841,0.0,0.0,0.0,1.0,1.3570049344667239,0.0,0.0,No weather event,False
port_hedland,2016,9,2016-09-01,"https://www.pilbaraports.com.au/pilbaraportsauthority/media/documents/port%20of%20port%20hedland/about%20the%20port%20of%20port%20hedland/port%20statistics%20and%20reports/cargo%20weights%20by%20cargo%20type/2016/cargo,-grt-and-dwt-statistics-by-commodity-type-sept-2016.pdf",2016-09.pdf,2026-09-02,A,42402668.1,,255.0,,42.4026681,,0.0,0.0,0.0,0.0,0.0,9999.0,19,0,0.0,41.35908057324296,41.35908057324296,0.0,0.0,0.0,1.0,1.3604960714882555,0.0,0.0,No weather event,False
port_hedland,2016,10,2016-10-01,"https://www.pilbaraports.com.au/pilbaraportsauthority/media/documents/port%20of%20port%20hedland/about%20the%20port%20of%20port%20hedland/port%20statistics%20and%20reports/cargo%20weights%20by%20cargo%20type/2016/cargo,-grt-and-dwt-statistics-by-commodity-type-oct-2016.pdf",2016-10.pdf,2026-09-02,A,42042396.75,,242.0,,42.04239675,,0.0,0.0,0.0,0.0,0.0,9999.0,20,0,0.0,40.71777319869749,40.71777319869749,0.0,0.0,0.0,1.0,1.3394004341676808,0.0,0.0,No weather event,False
port_hedland,2016,11,2016-11-01,"https://www.pilbaraports.com.au/pilbaraportsauthority/media/documents/port%20of%20port%20hedland/about%20the%20port%20of%20port%20hedland/port%20statistics%20and%20reports/cargo%20weights%20by%20cargo%20type/2016/cargo,-grt-and-dwt-statistics-by-commodity-type_nov-2016.pdf",2016-11.pdf,2026-09-02,A,41572142.98,,241.0,,41.572142979999995,,0.0,0.0,0.0,0.0,0.0,9999.0,21,0,0.0,40.02891345233387,40.02891345233387,0.0,0.0,0.0,1.0,1.3167405740899298,0.0,0.0,No weather event,False
port_hedland,2016,12,2016-12-01,"https://www.pilbaraports.com.au/pilbaraportsauthority/media/documents/port%20of%20port%20hedland/about%20the%20port%20of%20port%20hedland/port%20statistics%20and%20reports/cargo%20weights%20by%20cargo%20type/2016/cargo,-grt-and-dwt-statistics-by-commodity-type-dec-2016.pdf",2016-12.pdf,2026-09-02,A,44538630.56,,265.0,,44.53863056,,0.0,0.0,0.0,0.0,0.0,9999.0,22,0,0.0,43.872339826576265,43.872339826576265,0.0,0.0,0.0,1.0,1.4431690732426403,0.0,0.0,No weather event,False
port_hedland,2017,1,2017-01-01,"https://www.pilbaraports.com.au/pilbaraportsauthority/media/documents/port%20of%20port%20hedland/about%20the%20port%20of%20port%20hedland/port%20statistics%20and%20reports/cargo%20weights%20by%20cargo%20type/2017/cargo,-grt-and-dwt-statistics-by-commodity-type-jan-2017.pdf",2017-01.pdf,2026-09-02,A,40509640.87,,236.0,,40.50964087,,1.0,1.0,1.0,0.3977227995093341,24.0,184.4,23,0,0.0,39.775883671880216,40.43688864598826,0.6610049741080459,0.3615883986907084,0.9604215495253803,0.9836534165648864,1.330160810723298,0.4969361364274542,11.9264672742589,Weather - cyclone or tropical low,False
port_hedland,2017,2,2017-02-01,"https://www.pilbaraports.com.au/pilbaraportsauthority/media/documents/port%20of%20port%20hedland/about%20the%20port%20of%20port%20hedland/port%20statistics%20and%20reports/cargo%20weights%20by%20cargo%20type/2017/cargo,-grt-and-dwt-statistics-by-commodity-type-feb-2017.pdf",2017-02.pdf,2026-09-02,A,36021483.74,,216.0,,36.02148374,,0.0,0.0,0.0,0.0,0.0,9999.0,24,0,0.3977227995093341,35.77321677855107,35.77321677855107,0.0,0.0,0.0,1.0,1.176750551926022,0.0,0.0,No weather event,False
port_hedland,2017,3,2017-03-01,"https://www.pilbaraports.com.au/pilbaraportsauthority/media/documents/port%20of%20port%20hedland/about%20the%20port%20of%20port%20hedland/port%20statistics%20and%20reports/cargo%20weights%20by%20cargo%20type/2017/cargo,-grt-and-dwt-statistics-by-commodity-type-mar-2017.pdf",2017-03.pdf,2026-09-02,A,39494398.67,,230.0,,39.49439867,,1.0,2.0,2.0,1.917739561144969,25.0,8.4,25,0,0.0,38.777275437264564,41.96450883329936,3.1872333960347987,1.7435067284945962,4.630960063575003,0.9240493101278553,1.3804114747795844,2.3089009721132,55.4136233307168,Weather - cyclone or tropical low,True
port_hedland,2017,4,2017-04-01,"https://www.pilbaraports.com.au/pilbaraportsauthority/media/documents/port%20of%20port%20hedland/about%20the%20port%20of%20port%20hedland/port%20statistics%20and%20reports/cargo%20weights%20by%20cargo%20type/2017/cargo,-grt-and-dwt-statistics-by-commodity-type_april-2017.pdf",2017-04.pdf,2026-09-02,A,42953866.84,,251.0,,42.95386684,,0.0,0.0,0.0,0.0,0.0,9999.0,26,0,1.917739561144969,41.12560483660993,41.12560483660993,0.0,0.0,0.0,1.0,1.3528159485726952,0.0,0.0,No weather event,False
port_hedland,2017,5,2017-05-01,"https://www.pilbaraports.com.au/pilbaraportsauthority/media/documents/port%20of%20port%20hedland/about%20the%20port%20of%20port%20hedland/port%20statistics%20and%20reports/cargo%20weights%20by%20cargo%20type/2017/cargo,-grt-and-dwt-statistics-by-commodity-type-may-2017.pdf",2017-05.pdf,2026-09-02,A,44769607.81,,258.0,,44.76960781,,0.0,0.0,0.0,0.0,0.0,9999.0,27,0,0.0,43.91078966285934,43.91078966285934,0.0,0.0,0.0,1.0,1.444433870488794,0.0,0.0,No weather event,False
port_hedland,2017,6,2017-06-01,https://www.pilbaraports.com.au/pilbaraportsauthority/media/documents/port%20of%20port%20hedland/about%20the%20port%20of%20port%20hedland/port%20statistics%20and%20reports/cargo%20weights%20by%20cargo%20type/2017/cargo-grt-and-dwt-statistics-by-commodity-type-june-2017.pdf,2017-06.pdf,2026-09-02,A,44034829.22,,258.0,,44.03482922,,0.0,0.0,0.0,0.0,0.0,9999.0,28,0,0.0,45.88514731485943,45.88514731485943,0.0,0.0,0.0,1.0,1.509379845883534,0.0,0.0,No weather event,False
port_hedland,2017,7,2017-07-01,https://www.pilbaraports.com.au/pilbaraportsauthority/media/documents/port%20of%20port%20hedland/about%20the%20port%20of%20port%20hedland/port%20statistics%20and%20reports/cargo%20weights%20by%20cargo%20type/2017/cargo-grt-and-dwt-statistics-by-commodity-type-july-2017.pdf,2017-07.pdf,2026-09-02,A,38681009.23,,221.0,,38.681009229999994,,0.0,0.0,0.0,0.0,0.0,9999.0,29,0,0.0,39.2549317412359,39.2549317412359,0.0,0.0,0.0,1.0,1.29128064938276,0.0,0.0,No weather event,False
port_hedland,2017,8,2017-08-01,https://www.pilbaraports.com.au/pilbaraportsauthority/media/documents/port%20of%20port%20hedland/about%20the%20port%20of%20port%20hedland/port%20statistics%20and%20reports/cargo%20weights%20by%20cargo%20type/2017/cargo-grt-and-dwt-statistics-by-commodity-type-aug-2017.pdf,2017-08.pdf,2026-09-02,A,43531908.85,,251.0,,43.53190885,,0.0,0.0,0.0,0.0,0.0,9999.0,30,0,0.0,42.237652529108836,42.237652529108836,0.0,0.0,0.0,1.0,1.389396464773317,0.0,0.0,No weather event,False
port_hedland,2017,9,2017-09-01,https://www.pilbaraports.com.au/pilbaraportsauthority/media/documents/port%20of%20port%20hedland/about%20the%20port%20of%20port%20hedland/port%20statistics%20and%20reports/cargo%20weights%20by%20cargo%20type/2017/cargo-grt-and-dwt-statistics-by-commodity-type-sept-2017.pdf,2017-09.pdf,2026-09-02,A,44070187.8,,254.0,,44.0701878,,0.0,0.0,0.0,0.0,0.0,9999.0,31,0,0.0,42.343783094563385,42.343783094563385,0.0,0.0,0.0,1.0,1.3928876017948482,0.0,0.0,No weather event,False
port_hedland,2017,10,2017-10-01,https://www.pilbaraports.com.au/pilbaraportsauthority/media/documents/port%20of%20port%20hedland/about%20the%20port%20of%20port%20hedland/port%20statistics%20and%20reports/cargo%20weights%20by%20cargo%20type/2017/cargo-grt-and-dwt-statistics-by-commodity-type-oct-2017.pdf,2017-10.pdf,2026-09-02,A,41807146.24,,248.0,,41.80714624,,0.0,0.0,0.0,0.0,0.0,9999.0,32,0,0.0,41.70247572001792,41.70247572001792,0.0,0.0,0.0,1.0,1.3717919644742738,0.0,0.0,No weather event,False
port_hedland,2017,11,2017-11-01,"https://www.pilbaraports.com.au/pilbaraportsauthority/media/documents/port%20of%20port%20hedland/about%20the%20port%20of%20port%20hedland/port%20statistics%20and%20reports/cargo%20weights%20by%20cargo%20type/2017/cargo,-grt-and-dwt-statistics-by-commodity-type-nov-2017.pdf",2017-11.pdf,2026-09-02,A,42196051.17,,244.0,,42.19605117,,0.0,0.0,0.0,0.0,0.0,9999.0,33,0,0.0,41.0136159736543,41.0136159736543,0.0,0.0,0.0,1.0,1.349132104396523,0.0,0.0,No weather event,False
port_hedland,2017,12,2017-12-01,"https://www.pilbaraports.com.au/pilbaraportsauthority/media/documents/port%20of%20port%20hedland/about%20the%20port%20of%20port%20hedland/port%20statistics%20and%20reports/cargo%20weights%20by%20cargo%20type/2017/cargo,-grt-and-dwt-statistics-by-commodity-type-dec-2017.pdf",2017-12.pdf,2026-09-02,A,47255102.63,,273.0,,47.25510263,,1.0,2.0,2.0,0.399775228150289,30.0,322.0,34,0,0.0,44.19262629063639,44.85704234789669,0.6644160572602971,0.36345435756112116,0.9653777569594726,0.9851881438792308,1.4755606035492332,0.45028042607138385,10.806730225713213,Weather - cyclone or tropical low,False
port_hedland,2018,1,2018-01-01,https://www.pilbaraports.com.au/pilbaraportsauthority/media/documents/port%20of%20port%20hedland/about%20the%20port%20of%20port%20hedland/port%20statistics%20and%20reports/cargo%20weights%20by%20cargo%20type/2018/cargo-grt-and-dwt-statistics-by-commodity-type-jan-2018.pdf,2018-01.pdf,2026-09-02,A,41834776.52,,248.0,,41.834776520000005,,1.0,2.0,2.0,1.2669940187870532,35.0,91.3,35,0,0.399775228150289,39.315879979474886,41.421591167308684,2.1057111878337977,1.1518835203038544,3.0595388553637406,0.9491639232464905,1.362552341029891,1.5454167333066904,37.09000159936057,Weather - cyclone or tropical low,True
port_hedland,2018,2,2018-02-01,https://www.pilbaraports.com.au/pilbaraportsauthority/media/documents/port%20of%20port%20hedland/about%20the%20port%20of%20port%20hedland/port%20statistics%20and%20reports/cargo%20weights%20by%20cargo%20type/2018/cargo-grt-and-dwt-statistics-by-commodity-type_feb-2018.pdf,2018-02.pdf,2026-09-02,A,39349831.06,,237.0,,39.34983106,,1.0,3.0,3.0,0.9067507158678328,55.0,239.3,36,1,1.2669940187870532,35.25092313519575,36.757919299871496,1.5069961646757477,0.8243694848944874,2.1896228444570065,0.9590021363183902,1.209142082232615,1.2463350559209396,29.91204134210255,Weather - severe cyclone,True
port_hedland,2018,3,2018-03-01,"https://www.pilbaraports.com.au/pilbaraportsauthority/media/documents/port%20of%20port%20hedland/about%20the%20port%20of%20port%20hedland/port%20statistics%20and%20reports/cargo%20weights%20by%20cargo%20type/2018/cargo,-grt-and-dwt-statistics-by-commodity-type-march-2018.pdf",2018-03.pdf,2026-09-02,A,42953876.56,,250.0,,42.953876560000005,,0.0,0.0,0.0,0.0,0.0,9999.0,37,0,0.9067507158678328,42.94921135461979,42.94921135461979,0.0,0.0,0.0,1.0,1.4128030050861775,0.0,0.0,No weather event,False
port_hedland,2018,4,2018-04-01,"https://www.pilbaraports.com.au/pilbaraportsauthority/media/documents/port%20of%20port%20hedland/about%20the%20port%20of%20port%20hedland/port%20statistics%20and%20reports/cargo%20weights%20by%20cargo%20type/2018/cargo,-grt-and-dwt-statistics-by-commodity-type-april-2018.pdf",2018-04.pdf,2026-09-02,A,43684043.81,,254.0,,43.684043810000006,,0.0,0.0,0.0,0.0,0.0,9999.0,38,0,0.0,42.11030735793035,42.11030735793035,0.0,0.0,0.0,1.0,1.385207478879288,0.0,0.0,No weather event,False
port_hedland,2018,5,2018-05-01,"https://www.pilbaraports.com.au/pilbaraportsauthority/media/documents/port%20of%20port%20hedland/about%20the%20port%20of%20port%20hedland/port%20statistics%20and%20reports/cargo%20weights%20by%20cargo%20type/2018/cargo,-grt-and-dwt-statistics-by-commodity-type-may-2018.pdf",2018-05.pdf,2026-09-02,A,45773806.3,,272.0,,45.7738063,,0.0,0.0,0.0,0.0,0.0,9999.0,39,0,0.0,44.895492184179766,44.895492184179766,0.0,0.0,0.0,1.0,1.4768254007953872,0.0,0.0,No weather event,False
port_hedland,2018,6,2018-06-01,"https://www.pilbaraports.com.au/pilbaraportsauthority/media/documents/port%20of%20port%20hedland/about%20the%20port%20of%20port%20hedland/port%20statistics%20and%20reports/cargo%20weights%20by%20cargo%20type/2018/cargo,-grt-and-dwt-statistics-by-commodity-type-june-2018.pdf",2018-06.pdf,2026-09-02,A,48270075.04,,280.0,,48.27007504,,0.0,0.0,0.0,0.0,0.0,9999.0,40,0,0.0,46.86984983617986,46.86984983617986,0.0,0.0,0.0,1.0,1.541771376190127,0.0,0.0,No weather event,False
port_hedland,2018,7,2018-07-01,"https://www.pilbaraports.com.au/pilbaraportsauthority/media/documents/port%20of%20port%20hedland/about%20the%20port%20of%20port%20hedland/port%20statistics%20and%20reports/cargo%20weights%20by%20cargo%20type/2018/cargo,-grt-and-dwt-statistics-by-commodity-type-july-2018.pdf",2018-07.pdf,2026-09-02,A,41495194.93,,243.0,,41.49519493,,0.0,0.0,0.0,0.0,0.0,9999.0,41,0,0.0,40.23963426255632,40.23963426255632,0.0,0.0,0.0,1.0,1.3236721796893527,0.0,0.0,No weather event,False
port_hedland,2018,8,2018-08-01,"https://www.pilbaraports.com.au/pilbaraportsauthority/media/documents/port%20of%20port%20hedland/about%20the%20port%20of%20port%20hedland/port%20statistics%20and%20reports/cargo%20weights%20by%20cargo%20type/2018/cargo,-grt-and-dwt-statistics-by-commodity-type-augu-2018.pdf",2018-08.pdf,2026-09-02,A,43233132.23,,252.0,,43.233132229999995,,0.0,0.0,0.0,0.0,0.0,9999.0,42,0,0.0,43.222355050429265,43.222355050429265,0.0,0.0,0.0,1.0,1.4217879950799102,0.0,0.0,No weather event,False
port_hedland,2018,9,2018-09-01,"https://www.pilbaraports.com.au/pilbaraportsauthority/media/documents/port%20of%20port%20hedland/about%20the%20port%20of%20port%20hedland/port%20statistics%20and%20reports/cargo%20weights%20by%20cargo%20type/2018/cargo,-grt-and-dwt-statistics-by-commodity-type-sept-2018.pdf",2018-09.pdf,2026-09-02,A,44132575.42,,250.0,,44.13257542,,0.0,0.0,0.0,0.0,0.0,9999.0,43,0,0.0,43.328485615883814,43.328485615883814,0.0,0.0,0.0,1.0,1.4252791321014413,0.0,0.0,No weather event,False
port_hedland,2018,10,2018-10-01,"https://www.pilbaraports.com.au/pilbaraportsauthority/media/documents/port%20of%20port%20hedland/about%20the%20port%20of%20port%20hedland/port%20statistics%20and%20reports/cargo%20weights%20by%20cargo%20type/2018/cargo,-grt-and-dwt-statistics-by-commodity-type-oct-2018.pdf",2018-10.pdf,2026-09-02,A,40842266.38,,242.0,,40.842266380000005,,0.0,0.0,0.0,0.0,0.0,9999.0,44,0,0.0,42.687178241338344,42.687178241338344,0.0,0.0,0.0,1.0,1.4041834947808667,0.0,0.0,No weather event,False
port_hedland,2018,11,2018-11-01,https://www.pilbaraports.com.au/pilbaraportsauthority/media/documents/port%20of%20port%20hedland/about%20the%20port%20of%20port%20hedland/port%20statistics%20and%20reports/cargo%20weights%20by%20cargo%20type/2018/cargo-grt-and-dwt-statistics-by-commodity-type-nov-2018.pdf,2018-11.pdf,2026-09-02,A,40089152.62,,224.0,,40.08915262,,0.0,0.0,0.0,0.0,0.0,9999.0,45,0,0.0,41.99831849497472,41.99831849497472,0.0,0.0,0.0,1.0,1.381523634703116,0.0,0.0,No weather event,False
port_hedland,2018,12,2018-12-01,https://www.pilbaraports.com.au/pilbaraportsauthority/media/documents/port%20of%20port%20hedland/about%20the%20port%20of%20port%20hedland/port%20statistics%20and%20reports/cargo%20weights%20by%20cargo%20type/2018/cargo-grt-and-dwt-statistics-by-commodity-type-dec-2018.pdf,2018-12.pdf,2026-09-02,A,46334397.26,,265.0,,46.33439726,,0.0,0.0,0.0,0.0,0.0,9999.0,46,0,0.0,45.841744869217116,45.841744869217116,0.0,0.0,0.0,1.0,1.5079521338558262,0.0,0.0,No weather event,False
port_hedland,2019,1,2019-01-01,"https://www.pilbaraports.com.au/pilbaraportsauthority/media/documents/port%20of%20port%20hedland/about%20the%20port%20of%20port%20hedland/port%20statistics%20and%20reports/cargo%20weights%20by%20cargo%20type/2019/cargo,-grt-and-dwt-statistics-by-commodity-type-jan-2019.pdf",2019-01.pdf,2026-09-02,A,42231687.63,,245.0,,42.23168763,,1.0,3.0,3.0,0.5236730648979393,39.0,349.1,47,1,0.0,41.535962641148345,42.40629368862911,0.870331047480768,0.47609567570052613,1.2645664192610118,0.9794763707983718,1.3949438713364841,0.6239183277294956,14.974039865507894,Weather - severe cyclone,True
port_hedland,2019,2,2019-02-01,https://www.pilbaraports.com.au/pilbaraportsauthority/media/documents/port%20of%20port%20hedland/about%20the%20port%20of%20port%20hedland/port%20statistics%20and%20reports/cargo%20weights%20by%20cargo%20type/2019/cargo-grt-and-dwt-statistics-by-commodity-type-feb-2019.pdf,2019-02.pdf,2026-09-02,A,39462408.81,,223.0,,39.46240881,,0.0,0.0,0.0,0.0,0.0,9999.0,48,0,0.5236730648979393,37.74262182119192,37.74262182119192,0.0,0.0,0.0,1.0,1.2415336125392078,0.0,0.0,No weather event,False
port_hedland,2019,3,2019-03-01,https://www.pilbaraports.com.au/pilbaraportsauthority/media/documents/port%20of%20port%20hedland/about%20the%20port%20of%20port%20hedland/port%20statistics%20and%20reports/cargo%20weights%20by%20cargo%20type/2019/cargo-grt-and-dwt-statistics-by-commodity-type-mar-2019.pdf,2019-03.pdf,2026-09-02,A,36752675.13,,210.0,,36.75267513,,1.0,4.0,4.0,2.5276609795979836,69.0,91.8,49,1,0.0,39.733006906477264,43.93391387594022,4.200906969462956,2.2980148162825462,6.103799122643364,0.9043812262816966,1.4451945353927704,2.9068107210364222,69.76345730487414,Weather - severe cyclone,True
port_hedland,2019,4,2019-04-01,https://www.pilbaraports.com.au/pilbaraportsauthority/media/documents/port%20of%20port%20hedland/about%20the%20port%20of%20port%20hedland/port%20statistics%20and%20reports/cargo%20weights%20by%20cargo%20type/2019/cargo-grt-and-dwt-statistics-by-commodity-type-apr-2019.pdf,2019-04.pdf,2026-09-02,A,42687182.21,,250.0,,42.68718221,,0.0,0.0,0.0,0.0,0.0,9999.0,50,0,2.5276609795979836,43.09500987925078,43.09500987925078,0.0,0.0,0.0,1.0,1.417599009185881,0.0,0.0,No weather event,False
port_hedland,2019,5,2019-05-01,https://www.pilbaraports.com.au/pilbaraportsauthority/media/documents/port%20of%20port%20hedland/about%20the%20port%20of%20port%20hedland/port%20statistics%20and%20reports/cargo%20weights%20by%20cargo%20type/2019/cargo-grt-and-dwt-statistics-by-commodity-type-may-2019.pdf,2019-05.pdf,2026-09-02,A,46677387.2,,264.0,,46.677387200000005,,0.0,0.0,0.0,0.0,0.0,9999.0,51,0,0.0,45.88019470550019,45.88019470550019,0.0,0.0,0.0,1.0,1.5092169311019799,0.0,0.0,No weather event,False
port_hedland,2019,6,2019-06-01,https://www.pilbaraports.com.au/pilbaraportsauthority/media/documents/port%20of%20port%20hedland/about%20the%20port%20of%20port%20hedland/port%20statistics%20and%20reports/cargo%20weights%20by%20cargo%20type/2019/cargo-grt-and-dwt-statistics-by-commodity-type-june-2019.pdf,2019-06.pdf,2026-09-02,A,49285843.68,,282.0,,49.28584368,,0.0,0.0,0.0,0.0,0.0,9999.0,52,0,0.0,47.85455235750029,47.85455235750029,0.0,0.0,0.0,1.0,1.5741629064967202,0.0,0.0,No weather event,False
port_hedland,2019,7,2019-07-01,https://www.pilbaraports.com.au/pilbaraportsauthority/media/documents/port%20of%20port%20hedland/about%20the%20port%20of%20port%20hedland/port%20statistics%20and%20reports/cargo%20weights%20by%20cargo%20type/2019/cargo-grt-and-dwt-statistics-by-commodity-type-july-2019.pdf,2019-07.pdf,2026-09-02,A,41790342.18,,240.0,,41.79034218,,0.0,0.0,0.0,0.0,0.0,9999.0,53,0,0.0,41.22433678387675,41.22433678387675,0.0,0.0,0.0,1.0,1.3560637099959458,0.0,0.0,No weather event,False
port_hedland,2019,8,2019-08-01,https://www.pilbaraports.com.au/pilbaraportsauthority/media/documents/port%20of%20port%20hedland/about%20the%20port%20of%20port%20hedland/port%20statistics%20and%20reports/cargo%20weights%20by%20cargo%20type/2019/cargo-grt-and-dwt-statistics-by-commodity-type-aug-2019.pdf,2019-08.pdf,2026-09-02,A,46183299.99,,263.0,,46.18329999,,0.0,0.0,0.0,0.0,0.0,9999.0,54,0,0.0,44.20705757174969,44.20705757174969,0.0,0.0,0.0,1.0,1.4541795253865029,0.0,0.0,No weather event,False
port_hedland,2019,9,2019-09-01,https://www.pilbaraports.com.au/pilbaraportsauthority/media/documents/port%20of%20port%20hedland/about%20the%20port%20of%20port%20hedland/port%20statistics%20and%20reports/cargo%20weights%20by%20cargo%20type/2019/cargo-grt-and-dwt-statistics-by-commodity-type-sept-2019.pdf,2019-09.pdf,2026-09-02,A,42340128.52,,242.0,,42.34012852,,0.0,0.0,0.0,0.0,0.0,9999.0,55,0,0.0,44.313188137204236,44.313188137204236,0.0,0.0,0.0,1.0,1.4576706624080342,0.0,0.0,No weather event,False
port_hedland,2019,10,2019-10-01,https://www.pilbaraports.com.au/pilbaraportsauthority/media/documents/port%20of%20port%20hedland/about%20the%20port%20of%20port%20hedland/port%20statistics%20and%20reports/cargo%20weights%20by%20cargo%20type/2019/cargo-grt-and-dwt-statistics-by-commodity-type-oct-2019.pdf,2019-10.pdf,2026-09-02,A,42727181.33,,243.0,,42.72718133,,0.0,0.0,0.0,0.0,0.0,9999.0,56,0,0.0,43.67188076265877,43.67188076265877,0.0,0.0,0.0,1.0,1.4365750250874598,0.0,0.0,No weather event,False
port_hedland,2019,11,2019-11-01,https://www.pilbaraports.com.au/pilbaraportsauthority/media/documents/port%20of%20port%20hedland/about%20the%20port%20of%20port%20hedland/port%20statistics%20and%20reports/cargo%20weights%20by%20cargo%20type/2019/cargo-grt-and-dwt-statistics-by-commodity-type-nov-2019.pdf,2019-11.pdf,2026-09-02,A,43813703.58,,250.0,,43.813703579999995,,0.0,0.0,0.0,0.0,0.0,9999.0,57,0,0.0,42.98302101629515,42.98302101629515,0.0,0.0,0.0,1.0,1.4139151650097088,0.0,0.0,No weather event,False
port_hedland,2019,12,2019-12-01,https://www.pilbaraports.com.au/pilbaraportsauthority/media/documents/port%20of%20port%20hedland/about%20the%20port%20of%20port%20hedland/port%20statistics%20and%20reports/cargo%20weights%20by%20cargo%20type/2019/cargo-grt-and-dwt-statistics-by-commodity-type-dec-2019.pdf,2019-12.pdf,2026-09-02,A,47930494.79,,275.0,,47.93049479,,0.0,0.0,0.0,0.0,0.0,9999.0,58,0,0.0,46.82644739053754,46.82644739053754,0.0,0.0,0.0,1.0,1.540343664162419,0.0,0.0,No weather event,False
port_hedland,2020,1,2020-01-01,"https://www.pilbaraports.com.au/pilbaraportsauthority/media/documents/port%20of%20port%20hedland/about%20the%20port%20of%20port%20hedland/port%20statistics%20and%20reports/cargo%20weights%20by%20cargo%20type/2020/cargo,-grt-and-dwt-statistics-by-commodity-type-jan-2020.pdf",2020-01.pdf,2026-09-02,A,41053000.76,,242.0,,41.05300076,,1.0,1.0,1.0,0.6032038980649526,23.0,101.1,59,0,0.0,42.38848698112436,43.39099620994954,1.0025092288251827,0.5484008758220075,1.4566175818283584,0.9768959158260739,1.427335401643077,0.7023641588873535,16.856739813296485,Weather - cyclone or tropical low,True
port_hedland,2020,2,2020-02-01,"https://www.pilbaraports.com.au/pilbaraportsauthority/media/documents/port%20of%20port%20hedland/about%20the%20port%20of%20port%20hedland/port%20statistics%20and%20reports/cargo%20weights%20by%20cargo%20type/2020/cargo,-grt-and-dwt-statistics-by-commodity-type-feb-2020.pdf",2020-02.pdf,2026-09-02,A,39084260.41,,224.0,,39.08426041,,1.0,3.0,3.0,1.1498279111140846,55.0,191.8,60,1,0.6032038980649526,36.81634018582752,38.72732434251235,1.910984156684826,1.0453623319119438,2.7766059814577044,0.9506554044430312,1.273925142845801,1.5000757049318527,36.00181691836447,Weather - severe cyclone,True
port_hedland,2020,3,2020-03-01,"https://www.pilbaraports.com.au/pilbaraportsauthority/media/documents/port%20of%20port%20hedland/about%20the%20port%20of%20port%20hedland/port%20statistics%20and%20reports/cargo%20weights%20by%20cargo%20type/2020/cargo,-grt-and-dwt-statistics-by-commodity-type-mar-2020.pdf",2020-03.pdf,2026-09-02,A,47249679.83,,271.0,,47.24967983,,1.0,1.0,1.0,0.1601731277985749,15.0,366.3,61,0,1.1498279111140846,44.652412814453925,44.91861639726064,0.2662035828067175,0.1456208818438875,0.38678628376954227,0.9940736468716576,1.4775860656993633,0.18016113510160872,4.3238672424386095,Weather - cyclone or tropical low,False
port_hedland,2020,4,2020-04-01,"https://www.pilbaraports.com.au/pilbaraportsauthority/media/documents/port%20of%20port%20hedland/about%20the%20port%20of%20port%20hedland/port%20statistics%20and%20reports/cargo%20weights%20by%20cargo%20type/2020/cargo,-grt-and-dwt-statistics-by-commodity-type-apr-2020.pdf",2020-04.pdf,2026-09-02,A,45758720.3,,264.0,,45.7587203,,0.0,0.0,0.0,0.0,0.0,9999.0,62,0,0.1601731277985749,44.07971240057121,44.07971240057121,0.0,0.0,0.0,1.0,1.4499905394924741,0.0,0.0,No weather event,False
port_hedland,2020,5,2020-05-01,"https://www.pilbaraports.com.au/pilbaraportsauthority/media/documents/port%20of%20port%20hedland/about%20the%20port%20of%20port%20hedland/port%20statistics%20and%20reports/cargo%20weights%20by%20cargo%20type/2020/cargo,-grt-and-dwt-statistics-by-commodity-type-may-2020.pdf",2020-05.pdf,2026-09-02,A,48402563.14,,280.0,,48.40256314,,0.0,0.0,0.0,0.0,0.0,9999.0,63,0,0.0,46.86489722682062,46.86489722682062,0.0,0.0,0.0,1.0,1.541608461408573,0.0,0.0,No weather event,False
port_hedland,2020,6,2020-06-01,"https://www.pilbaraports.com.au/pilbaraportsauthority/media/documents/port%20of%20port%20hedland/about%20the%20port%20of%20port%20hedland/port%20statistics%20and%20reports/cargo%20weights%20by%20cargo%20type/2020/cargo,-grt-and-dwt-statistics-by-commodity-type-june-2020.pdf",2020-06.pdf,2026-09-02,A,52371076.55,,302.0,,52.37107655,,0.0,0.0,0.0,0.0,0.0,9999.0,64,0,0.0,48.83925487882071,48.83925487882071,0.0,0.0,0.0,1.0,1.606554436803313,0.0,0.0,No weather event,False
port_hedland,2020,7,2020-07-01,"https://www.pilbaraports.com.au/pilbaraportsauthority/media/documents/port%20of%20port%20hedland/about%20the%20port%20of%20port%20hedland/port%20statistics%20and%20reports/cargo%20weights%20by%20cargo%20type/2020/july-2020-ph-cargo,-grt-and-dwt-statistics-by-commodity-type-july-2020.pdf",2020-07.pdf,2026-09-02,A,44082021.22,,257.0,,44.08202122,,0.0,0.0,0.0,0.0,0.0,9999.0,65,0,0.0,42.20903930519717,42.20903930519717,0.0,0.0,0.0,1.0,1.3884552403025388,0.0,0.0,No weather event,False
port_hedland,2020,8,2020-08-01,"https://www.pilbaraports.com.au/pilbaraportsauthority/media/documents/port%20of%20port%20hedland/about%20the%20port%20of%20port%20hedland/port%20statistics%20and%20reports/cargo%20weights%20by%20cargo%20type/2020/cargo,-grt-and-dwt-statistics-by-commodity-type-august-2020.pdf",2020-08.pdf,2026-09-02,A,46597188.7,,275.0,,46.5971887,,0.0,0.0,0.0,0.0,0.0,9999.0,66,0,0.0,45.191760093070116,45.191760093070116,0.0,0.0,0.0,1.0,1.486571055693096,0.0,0.0,No weather event,False
port_hedland,2020,9,2020-09-01,"https://www.pilbaraports.com.au/pilbaraportsauthority/media/documents/port%20of%20port%20hedland/about%20the%20port%20of%20port%20hedland/port%20statistics%20and%20reports/cargo%20weights%20by%20cargo%20type/2020/cargo,-grt-and-dwt-statistics-by-commodity-type-september-2020.pdf",2020-09.pdf,2026-09-02,A,46087894.96,,263.0,,46.08789496,,0.0,0.0,0.0,0.0,0.0,9999.0,67,0,0.0,45.297890658524665,45.297890658524665,0.0,0.0,0.0,1.0,1.4900621927146271,0.0,0.0,No weather event,False
port_hedland,2020,10,2020-10-01,"https://www.pilbaraports.com.au/pilbaraportsauthority/media/documents/port%20of%20port%20hedland/about%20the%20port%20of%20port%20hedland/port%20statistics%20and%20reports/cargo%20weights%20by%20cargo%20type/2020/cargo,-grt-and-dwt-statistics-by-commodity-type-october-2020.pdf",2020-10.pdf,2026-09-02,A,47179543.74,,273.0,,47.17954374,,0.0,0.0,0.0,0.0,0.0,9999.0,68,0,0.0,44.656583283979195,44.656583283979195,0.0,0.0,0.0,1.0,1.4689665553940525,0.0,0.0,No weather event,False
port_hedland,2020,11,2020-11-01,"https://www.pilbaraports.com.au/pilbaraportsauthority/media/documents/port%20of%20port%20hedland/about%20the%20port%20of%20port%20hedland/port%20statistics%20and%20reports/cargo%20weights%20by%20cargo%20type/2020/cargo,-grt-and-dwt-statistics-by-commodity-type_november-2020.pdf",2020-11.pdf,2026-09-02,A,41859437.27,,230.0,,41.85943727,,0.0,0.0,0.0,0.0,0.0,9999.0,69,0,0.0,43.967723537615576,43.967723537615576,0.0,0.0,0.0,1.0,1.446306695316302,0.0,0.0,No weather event,False
port_hedland,2020,12,2020-12-01,"https://www.pilbaraports.com.au/pilbaraportsauthority/media/documents/port%20of%20port%20hedland/about%20the%20port%20of%20port%20hedland/port%20statistics%20and%20reports/cargo%20weights%20by%20cargo%20type/2020/cargo,-grt-and-dwt-statistics-by-commodity-type-december-2020.pdf",2020-12.pdf,2026-09-02,A,47327496.81,,279.0,,47.32749681,,1.0,1.0,1.0,0.8162782414256099,18.0,40.6,70,0,0.0,46.454516652451794,47.81114991185797,1.3566332594061734,0.7421167269447091,1.9711497918676342,0.9716251698211151,1.5727351944690122,0.8625948374380983,20.70227609851436,Weather - cyclone or tropical low,True
port_hedland,2021,1,2021-01-01,"https://www.pilbaraports.com.au/pilbaraportsauthority/media/documents/port%20of%20port%20hedland/about%20the%20port%20of%20port%20hedland/port%20statistics%20and%20reports/cargo%20weights%20by%20cargo%20type/2021/cargo,-grt-and-dwt-statistics-by-commodity-type-january-2021.pdf",2021-01.pdf,2026-09-02,A,42704484.58,,248.0,,42.70448458,,1.0,1.0,1.0,0.3328710836980795,18.0,220.0,71,0,0.8162782414256099,43.822475626301845,44.375698731269964,0.5532231049681187,0.3026286707056244,0.8038175392306097,0.9875331967544145,1.45972693194967,0.37899081866579776,9.095779647979146,Weather - cyclone or tropical low,False
port_hedland,2021,2,2021-02-01,"https://www.pilbaraports.com.au/pilbaraportsauthority/media/documents/port%20of%20port%20hedland/about%20the%20port%20of%20port%20hedland/port%20statistics%20and%20reports/cargo%20weights%20by%20cargo%20type/2021/cargo,-grt-and-dwt-statistics-by-commodity-type-february-2021.pdf",2021-02.pdf,2026-09-02,A,37881590.77,,219.0,,37.88159077,,1.0,0.0,0.0,0.0,18.0,68.0,72,0,0.3328710836980795,39.712026863832776,39.712026863832776,0.0,0.0,0.0,1.0,1.306316673152394,0.0,0.0,No weather event,False
port_hedland,2021,3,2021-03-01,"https://www.pilbaraports.com.au/pilbaraportsauthority/media/documents/port%20of%20port%20hedland/about%20the%20port%20of%20port%20hedland/port%20statistics%20and%20reports/cargo%20weights%20by%20cargo%20type/2021/cargo,-grt-and-dwt-statistics-by-commodity-type-march-2021.pdf",2021-03.pdf,2026-09-02,A,47361139.18,,280.0,,47.36113918,,0.0,0.0,0.0,0.0,0.0,9999.0,73,0,0.0,45.90331891858107,45.90331891858107,0.0,0.0,0.0,1.0,1.5099775960059563,0.0,0.0,No weather event,False
port_hedland,2021,4,2021-04-01,"https://www.pilbaraports.com.au/pilbaraportsauthority/media/documents/port%20of%20port%20hedland/about%20the%20port%20of%20port%20hedland/port%20statistics%20and%20reports/cargo%20weights%20by%20cargo%20type/2021/cargo,-grt-and-dwt-statistics-by-commodity-type-april-2021.pdf",2021-04.pdf,2026-09-02,A,45756316.22,,263.0,,45.75631622,,0.0,0.0,0.0,0.0,0.0,9999.0,74,0,0.0,45.06441492189163,45.06441492189163,0.0,0.0,0.0,1.0,1.4823820697990668,0.0,0.0,No weather event,False
port_hedland,2021,5,2021-05-01,"https://www.pilbaraports.com.au/pilbaraportsauthority/media/documents/port%20of%20port%20hedland/about%20the%20port%20of%20port%20hedland/port%20statistics%20and%20reports/cargo%20weights%20by%20cargo%20type/cargo,-grt-and-dwt-statistics-by-commodity-type-may-2021.pdf",2021-05.pdf,2026-09-02,A,48456661.08,,278.0,,48.45666108,,0.0,0.0,0.0,0.0,0.0,9999.0,75,0,0.0,47.84959974814104,47.84959974814104,0.0,0.0,0.0,1.0,1.573999991715166,0.0,0.0,No weather event,False
port_hedland,2021,6,2021-06-01,"https://www.pilbaraports.com.au/pilbaraportsauthority/media/documents/port%20of%20dampier/about%20the%20port%20of%20dampier/port%20statistics/current%20fy/cargo,-grt-and-dwt-statistics-by-commodity-type-june-2021.pdf",2021-06.pdf,2026-09-02,A,50841016.48,,294.0,,50.84101647999999,,0.0,0.0,0.0,0.0,0.0,9999.0,76,0,0.0,49.82395740014114,49.82395740014114,0.0,0.0,0.0,1.0,1.638945967109906,0.0,0.0,No weather event,False
port_hedland,2021,8,2021-08-01,"https://www.pilbaraports.com.au/pilbaraportsauthority/media/documents/port%20of%20port%20hedland/about%20the%20port%20of%20port%20hedland/port%20statistics%20and%20reports/cargo%20weights%20by%20cargo%20type/2021/cargo,-grt-and-dwt-statistics-by-commodity-type-august-2021.pdf",2021-08.pdf,2026-09-02,A,44663539.76,,264.0,,44.66353976,,0.0,0.0,0.0,0.0,0.0,9999.0,77,0,0.0,46.09440407094717,46.09440407094717,0.0,0.0,0.0,1.0,1.5162632918074728,0.0,0.0,No weather event,False
port_hedland,2021,9,2021-09-01,"https://www.pilbaraports.com.au/pilbaraportsauthority/media/documents/port%20of%20port%20hedland/about%20the%20port%20of%20port%20hedland/port%20statistics%20and%20reports/cargo%20weights%20by%20cargo%20type/2021/cargo,-grt-and-dwt-statistics-by-commodity-type-september-2021.pdf",2021-09.pdf,2026-09-02,A,47758522.21,,275.0,,47.75852221,,0.0,0.0,0.0,0.0,0.0,9999.0,78,0,0.0,46.20053463640172,46.20053463640172,0.0,0.0,0.0,1.0,1.519754428829004,0.0,0.0,No weather event,False
port_hedland,2021,10,2021-10-01,"https://www.pilbaraports.com.au/pilbaraportsauthority/media/documents/port%20of%20port%20hedland/about%20the%20port%20of%20port%20hedland/port%20statistics%20and%20reports/cargo%20weights%20by%20cargo%20type/2021/cargo,-grt-and-dwt-statistics-by-commodity-type-october-2021.pdf",2021-10.pdf,2026-09-02,A,47378614.82,,274.0,,47.37861482,,0.0,0.0,0.0,0.0,0.0,9999.0,79,0,0.0,45.55922726185626,45.55922726185626,0.0,0.0,0.0,1.0,1.4986587915084295,0.0,0.0,No weather event,False
port_hedland,2021,11,2021-11-01,"https://www.pilbaraports.com.au/pilbaraportsauthority/media/documents/port%20of%20port%20hedland/about%20the%20port%20of%20port%20hedland/port%20statistics%20and%20reports/cargo%20weights%20by%20cargo%20type/2021/cargo,-grt-and-dwt-statistics-by-commodity-type-november-2021.pdf",2021-11.pdf,2026-09-02,A,43884301.07,,260.0,,43.88430107,,0.0,0.0,0.0,0.0,0.0,9999.0,80,0,0.0,44.87036751549263,44.87036751549263,0.0,0.0,0.0,1.0,1.4759989314306787,0.0,0.0,No weather event,False
port_hedland,2021,12,2021-12-01,"https://www.pilbaraports.com.au/pilbaraportsauthority/media/documents/port%20of%20port%20hedland/about%20the%20port%20of%20port%20hedland/port%20statistics%20and%20reports/cargo%20weights%20by%20cargo%20type/2021/cargo,-grt-and-dwt-statistics-by-commodity-type-december-2021.pdf",2021-12.pdf,2026-09-02,A,51615296.29,,307.0,,51.61529629,,0.0,0.0,0.0,0.0,0.0,9999.0,81,0,0.0,48.71379388973502,48.71379388973502,0.0,0.0,0.0,1.0,1.602427430583389,0.0,0.0,No weather event,False
port_hedland,2022,1,2022-01-01,"https://www.pilbaraports.com.au/pilbaraportsauthority/media/documents/port%20of%20port%20hedland/about%20the%20port%20of%20port%20hedland/port%20statistics%20and%20reports/cargo%20weights%20by%20cargo%20type/2022/cargo,-grt-and-dwt-statistics-by-commodity-type-january-2022.pdf",2022-01.pdf,2026-09-02,A,48596979.6,,283.0,,48.5969796,,0.0,0.0,0.0,0.0,0.0,9999.0,82,0,0.0,45.278342709147026,45.278342709147026,0.0,0.0,0.0,1.0,1.489419168064047,0.0,0.0,No weather event,False
port_hedland,2022,2,2022-02-01,"https://www.pilbaraports.com.au/pilbaraportsauthority/media/documents/port%20of%20port%20hedland/about%20the%20port%20of%20port%20hedland/port%20statistics%20and%20reports/cargo%20weights%20by%20cargo%20type/2022/cargo,-grt-and-dwt-statistics-by-commodity-type-february-2022.pdf",2022-02.pdf,2026-09-02,A,39892555.39,,231.0,,39.89255539,,0.0,0.0,0.0,0.0,0.0,9999.0,83,0,0.0,40.61467084170983,40.61467084170983,0.0,0.0,0.0,1.0,1.3360089092667708,0.0,0.0,No weather event,False
port_hedland,2022,3,2022-03-01,"https://www.pilbaraports.com.au/pilbaraportsauthority/media/documents/port%20of%20port%20hedland/about%20the%20port%20of%20port%20hedland/port%20statistics%20and%20reports/cargo%20weights%20by%20cargo%20type/2022/cargo,-grt-and-dwt-statistics-by-commodity-type-march-2022.pdf",2022-03.pdf,2026-09-02,A,47270287.13,,275.0,,47.27028713,,1.0,2.0,2.0,0.6894557095344404,32.0,213.0,84,0,0.0,45.66010539472152,46.80596289645813,1.1458575017366073,0.6268164316611518,1.664898571812068,0.9755189845304236,1.5396698321203333,0.7442228702751205,17.86134888660289,Weather - cyclone or tropical low,True
port_hedland,2022,4,2022-04-01,"https://www.pilbaraports.com.au/pilbaraportsauthority/media/documents/port%20of%20port%20hedland/about%20the%20port%20of%20port%20hedland/port%20statistics%20and%20reports/cargo%20weights%20by%20cargo%20type/2022/cargo,-grt-and-dwt-statistics-by-commodity-type.pdf",2022-04.pdf,2026-09-02,A,46246447.58,,269.0,,46.24644758,,0.0,0.0,0.0,0.0,0.0,9999.0,85,0,0.6894557095344404,45.96705889976869,45.96705889976869,0.0,0.0,0.0,1.0,1.5120743059134438,0.0,0.0,No weather event,False
port_hedland,2022,5,2022-05-01,"https://www.pilbaraports.com.au/pilbaraportsauthority/media/documents/port%20of%20port%20hedland/about%20the%20port%20of%20port%20hedland/port%20statistics%20and%20reports/cargo%20weights%20by%20cargo%20type/2022/cargo,-grt-and-dwt-statistics-by-commodity-type_1.pdf",2022-05.pdf,2026-09-02,A,48493315.5,,285.0,,48.4933155,,0.0,0.0,0.0,0.0,0.0,9999.0,86,0,0.0,48.7522437260181,48.7522437260181,0.0,0.0,0.0,1.0,1.603692227829543,0.0,0.0,No weather event,False
port_hedland,2022,6,2022-06-01,"https://www.pilbaraports.com.au/pilbaraportsauthority/media/documents/about%20ppa/news,%20media%20and%20statistics/photo%20gallery/cargo,-grt-and-dwt-statistics-by-commodity-type.pdf",2022-06.pdf,2026-09-02,A,50330949.68,,298.0,,50.33094968,,0.0,0.0,0.0,0.0,0.0,9999.0,87,0,0.0,50.726601378018195,50.726601378018195,0.0,0.0,0.0,1.0,1.6686382032242828,0.0,0.0,No weather event,False
port_hedland,2022,7,2022-07-01,"https://www.pilbaraports.com.au/pilbaraportsauthority/media/documents/port%20of%20port%20hedland/about%20the%20port%20of%20port%20hedland/port%20statistics%20and%20reports/cargo%20weights%20by%20cargo%20type/cargo,-grt-and-dwt-statistics-by-commodity-type.pdf",2022-07.pdf,2026-09-02,A,47588027.2,,275.0,,47.588027200000006,,0.0,0.0,0.0,0.0,0.0,9999.0,88,0,0.0,44.09638580439466,44.09638580439466,0.0,0.0,0.0,1.0,1.4505390067235084,0.0,0.0,No weather event,False
port_hedland,2022,8,2022-08-01,"https://www.pilbaraports.com.au/pilbaraportsauthority/media/documents/port%20of%20port%20hedland/about%20the%20port%20of%20port%20hedland/port%20statistics%20and%20reports/cargo%20weights%20by%20cargo%20type/cargo,-grt-and-dwt-statistics-by-commodity-type_1.pdf",2022-08.pdf,2026-09-02,A,46726132.56,,272.0,,46.72613256,,0.0,0.0,0.0,0.0,0.0,9999.0,89,0,0.0,47.0791065922676,47.0791065922676,0.0,0.0,0.0,1.0,1.548654822114066,0.0,0.0,No weather event,False
port_hedland,2022,9,2022-09-01,"https://www.pilbaraports.com.au/pilbaraportsauthority/media/documents/port%20of%20port%20hedland/about%20the%20port%20of%20port%20hedland/port%20statistics%20and%20reports/cargo%20weights%20by%20cargo%20type/2022/cargo,-grt-and-dwt-statistics-by-commodity-type_2.pdf",2022-09.pdf,2026-09-02,A,46277598.72,,267.0,,46.27759872,,0.0,0.0,0.0,0.0,0.0,9999.0,90,0,0.0,47.18523715772215,47.18523715772215,0.0,0.0,0.0,1.0,1.552145959135597,0.0,0.0,No weather event,False
port_hedland,2022,10,2022-10-01,"https://www.pilbaraports.com.au/pilbaraportsauthority/media/documents/port%20of%20port%20hedland/about%20the%20port%20of%20port%20hedland/port%20statistics%20and%20reports/cargo%20weights%20by%20cargo%20type/cargo,-grt-and-dwt-statistics-by-commodity-type_2.pdf",2022-10.pdf,2026-09-02,A,47552603.26,,276.0,,47.55260326,,0.0,0.0,0.0,0.0,0.0,9999.0,91,0,0.0,46.54392978317668,46.54392978317668,0.0,0.0,0.0,1.0,1.5310503218150224,0.0,0.0,No weather event,False
port_hedland,2022,11,2022-11-01,"https://www.pilbaraports.com.au/pilbaraportsauthority/media/documents/port%20of%20port%20hedland/about%20the%20port%20of%20port%20hedland/port%20statistics%20and%20reports/cargo%20weights%20by%20cargo%20type/2022/cargo,-grt-and-dwt-statistics-by-commodity-type_3.pdf",2022-11.pdf,2026-09-02,A,48428426.57,,274.0,,48.42842657,,0.0,0.0,0.0,0.0,0.0,9999.0,92,0,0.0,45.85507003681305,45.85507003681305,0.0,0.0,0.0,1.0,1.5083904617372716,0.0,0.0,No weather event,False
port_hedland,2022,12,2022-12-01,"https://www.pilbaraports.com.au/pilbaraportsauthority/media/documents/port%20of%20port%20hedland/about%20the%20port%20of%20port%20hedland/port%20statistics%20and%20reports/cargo%20weights%20by%20cargo%20type/2022/cargo,-grt-and-dwt-statistics-by-commodity-type_4.pdf",2022-12.pdf,2026-09-02,A,50136630.04,,296.0,,50.13663004,,0.0,0.0,0.0,0.0,0.0,9999.0,93,0,0.0,49.69849641105545,49.69849641105545,0.0,0.0,0.0,1.0,1.6348189608899821,0.0,0.0,No weather event,False
port_hedland,2023,1,2023-01-01,"https://www.pilbaraports.com.au/pilbaraportsauthority/media/documents/port%20of%20port%20hedland/about%20the%20port%20of%20port%20hedland/port%20statistics%20and%20reports/cargo%20weights%20by%20cargo%20type/2022/cargo,-grt-and-dwt-statistics-by-commodity-type_5.pdf",2023-01.pdf,2026-09-02,A,48733601.73,,280.0,,48.73360173,,0.0,0.0,0.0,0.0,0.0,9999.0,94,0,0.0,46.26304523046745,46.26304523046745,0.0,0.0,0.0,1.0,1.5218106983706399,0.0,0.0,No weather event,False
port_hedland,2023,2,2023-02-01,"https://www.pilbaraports.com.au/pilbaraportsauthority/media/documents/port%20of%20port%20hedland/about%20the%20port%20of%20port%20hedland/port%20statistics%20and%20reports/cargo%20weights%20by%20cargo%20type/2022/cargo,-grt-and-dwt-statistics-by-commodity-type_6.pdf",2023-02.pdf,2026-09-02,A,39287383.57,,230.0,,39.28738357,,1.0,0.0,0.0,0.0,9.0,260.7,95,0,0.0,41.59937336303025,41.59937336303025,0.0,0.0,0.0,1.0,1.3684004395733635,0.0,0.0,No weather event,False
port_hedland,2023,3,2023-03-01,"https://www.pilbaraports.com.au/pilbaraportsauthority/media/documents/port%20of%20port%20hedland/about%20the%20port%20of%20port%20hedland/port%20statistics%20and%20reports/cargo%20weights%20by%20cargo%20type/2022/cargo,-grt-and-dwt-statistics-by-commodity-type_7.pdf",2023-03.pdf,2026-09-02,A,46475292.84,,279.0,,46.47529284,,0.0,0.0,0.0,0.0,0.0,9999.0,96,0,0.0,47.790665417778555,47.790665417778555,0.0,0.0,0.0,1.0,1.5720613624269262,0.0,0.0,No weather event,False
port_hedland,2023,4,2023-04-01,"https://www.pilbaraports.com.au/pilbaraportsauthority/media/documents/port%20of%20port%20hedland/about%20the%20port%20of%20port%20hedland/port%20statistics%20and%20reports/cargo%20weights%20by%20cargo%20type/2022/cargo,-grt-and-dwt-statistics-by-commodity-type-april-23.pdf",2023-04.pdf,2026-09-02,A,43811980.7,,252.0,,43.8119807,,1.0,5.0,5.0,2.8149314579559617,80.0,114.9,97,1,0.0,42.273418369653285,46.95176142108912,4.6783430514358315,2.559185843914663,6.797500258957003,0.9003585188321714,1.5444658362200367,3.0291010275019885,72.69842466004772,Weather - severe cyclone,True
port_hedland,2023,5,2023-05-01,"https://www.pilbaraports.com.au/pilbaraportsauthority/media/documents/port%20of%20port%20hedland/about%20the%20port%20of%20port%20hedland/port%20statistics%20and%20reports/cargo%20weights%20by%20cargo%20type/2022/cargo,-grt-and-dwt-statistics-by-commodity-type-may-23.pdf",2023-05.pdf,2026-09-02,A,48600395.08,,284.0,,48.60039508,,0.0,0.0,0.0,0.0,0.0,9999.0,98,0,2.8149314579559617,49.73694624733852,49.73694624733852,0.0,0.0,0.0,1.0,1.6360837581361356,0.0,0.0,No weather event,False
port_hedland,2023,6,2023-06-01,"https://www.pilbaraports.com.au/pilbaraportsauthority/media/documents/port%20of%20port%20hedland/about%20the%20port%20of%20port%20hedland/port%20statistics%20and%20reports/cargo%20weights%20by%20cargo%20type/2022/cargo,-grt-and-dwt-statistics-by-commodity-type_9.pdf",2023-06.pdf,2026-09-02,A,52646162.51,,303.0,,52.64616251,,0.0,0.0,0.0,0.0,0.0,9999.0,99,0,0.0,51.711303899338624,51.711303899338624,0.0,0.0,0.0,1.0,1.701029733530876,0.0,0.0,No weather event,False
port_hedland,2023,7,2023-07-01,"https://www.pilbaraports.com.au/pilbaraportsauthority/media/documents/port%20of%20port%20hedland/about%20the%20port%20of%20port%20hedland/port%20statistics%20and%20reports/cargo%20weights%20by%20cargo%20type/cargo,-grt-and-dwt-statistics-by-commodity-type_4.pdf",2023-07.pdf,2026-09-02,A,44520857.59,,268.0,,44.520857590000006,,0.0,0.0,0.0,0.0,0.0,9999.0,100,0,0.0,45.081088325715086,45.081088325715086,0.0,0.0,0.0,1.0,1.4829305370301016,0.0,0.0,No weather event,False
port_hedland,2023,8,2023-08-01,"https://www.pilbaraports.com.au/pilbaraportsauthority/media/documents/port%20of%20port%20hedland/about%20the%20port%20of%20port%20hedland/port%20statistics%20and%20reports/cargo%20weights%20by%20cargo%20type/cargo,-grt-and-dwt-statistics-by-commodity-type_5.pdf",2023-08.pdf,2026-09-02,A,48562231.7,,283.0,,48.562231700000005,,0.0,0.0,0.0,0.0,0.0,9999.0,101,0,0.0,48.06380911358802,48.06380911358802,0.0,0.0,0.0,1.0,1.5810463524206586,0.0,0.0,No weather event,False
port_hedland,2023,9,2023-09-01,"https://www.pilbaraports.com.au/pilbaraportsauthority/media/documents/port%20of%20port%20hedland/about%20the%20port%20of%20port%20hedland/port%20statistics%20and%20reports/cargo%20weights%20by%20cargo%20type/2022/cargo,-grt-and-dwt-statistics-by-commodity-type_12.pdf",2023-09.pdf,2026-09-02,A,45698154.56,,266.0,,45.69815456,,0.0,0.0,0.0,0.0,0.0,9999.0,102,0,0.0,48.16993967904257,48.16993967904257,0.0,0.0,0.0,1.0,1.58453748944219,0.0,0.0,No weather event,False
port_hedland,2023,10,2023-10-01,"https://www.pilbaraports.com.au/pilbaraportsauthority/media/documents/port%20of%20port%20hedland/about%20the%20port%20of%20port%20hedland/port%20statistics%20and%20reports/cargo%20weights%20by%20cargo%20type/cargo,-grt-and-dwt-statistics-by-commodity-type_6.pdf",2023-10.pdf,2026-09-02,A,47651472.95,,282.0,,47.651472950000006,,0.0,0.0,0.0,0.0,0.0,9999.0,103,0,0.0,47.52863230449711,47.52863230449711,0.0,0.0,0.0,1.0,1.5634418521216156,0.0,0.0,No weather event,False
port_hedland,2023,11,2023-11-01,"https://www.pilbaraports.com.au/pilbaraportsauthority/media/documents/port%20of%20port%20hedland/about%20the%20port%20of%20port%20hedland/port%20statistics%20and%20reports/cargo%20weights%20by%20cargo%20type/2022/cargo,-grt-and-dwt-statistics-by-commodity-type_13.pdf",2023-11.pdf,2026-09-02,A,45750516.94,,269.0,,45.75051694,,0.0,0.0,0.0,0.0,0.0,9999.0,104,0,0.0,46.83977255813348,46.83977255813348,0.0,0.0,0.0,1.0,1.5407819920438646,0.0,0.0,No weather event,False
port_hedland,2023,12,2023-12-01,"https://www.pilbaraports.com.au/pilbaraportsauthority/media/documents/port%20of%20port%20hedland/about%20the%20port%20of%20port%20hedland/port%20statistics%20and%20reports/cargo%20weights%20by%20cargo%20type/2022/cargo,-grt-and-dwt-statistics-by-commodity-type_14.pdf",2023-12.pdf,2026-09-02,A,50394458.87,,299.0,,50.394458869999994,,0.0,0.0,0.0,0.0,0.0,9999.0,105,0,0.0,50.68319893237587,50.68319893237587,0.0,0.0,0.0,1.0,1.6672104911965748,0.0,0.0,No weather event,False
port_hedland,2024,1,2024-01-01,"https://www.pilbaraports.com.au/pilbaraportsauthority/media/documents/port%20of%20port%20hedland/about%20the%20port%20of%20port%20hedland/port%20statistics%20and%20reports/cargo%20weights%20by%20cargo%20type/cargo,-grt-and-dwt-statistics-by-commodity-type_7.pdf",2024-01.pdf,2026-09-02,A,43011524.66,,254.0,,43.01152466,,0.0,0.0,0.0,0.0,0.0,9999.0,106,0,0.0,47.24774775178788,47.24774775178788,0.0,0.0,0.0,1.0,1.5542022286772328,0.0,0.0,No weather event,False
port_hedland,2024,2,2024-02-01,"https://www.pilbaraports.com.au/pilbaraportsauthority/media/documents/port%20of%20port%20hedland/about%20the%20port%20of%20port%20hedland/port%20statistics%20and%20reports/cargo%20weights%20by%20cargo%20type/2022/cargo,-grt-and-dwt-statistics-by-commodity-type_16.pdf",2024-02.pdf,2026-09-02,A,39458485.36,,237.0,,39.45848536,,1.0,1.0,1.0,0.103674406239392,13.0,453.3,107,0,0.0,42.41177171095031,42.58407588435068,0.17230417340037008,0.09425525160629358,0.2503530951944428,0.9959537885976835,1.4007919698799567,0.12300482663042106,2.9521158391301054,Weather - cyclone or tropical low,False
port_hedland,2024,3,2024-03-01,"https://www.pilbaraports.com.au/pilbaraportsauthority/media/documents/port%20of%20port%20hedland/about%20the%20port%20of%20port%20hedland/port%20statistics%20and%20reports/cargo%20weights%20by%20cargo%20type/cargo,-grt-and-dwt-statistics-by-commodity-type_8.pdf",2024-03.pdf,2026-09-02,A,50686127.08,,301.0,,50.68612708,,1.0,0.0,0.0,0.0,14.0,473.3,108,0,0.103674406239392,48.77536793909898,48.77536793909898,0.0,0.0,0.0,1.0,1.604452892733519,0.0,0.0,No weather event,False
port_hedland,2024,4,2024-04-01,"https://www.pilbaraports.com.au/pilbaraportsauthority/media/documents/port%20of%20port%20hedland/about%20the%20port%20of%20port%20hedland/port%20statistics%20and%20reports/cargo%20weights%20by%20cargo%20type/2022/cargo,-grt-and-dwt-statistics-by-commodity-type_17.pdf",2024-04.pdf,2026-09-02,A,50276431.44,,298.0,,50.27643144,,1.0,1.0,1.0,0.2193690078015048,17.0,303.4,109,0,0.0,47.57187834283911,47.936463942409546,0.36458559957043235,0.199438624969887,0.5297325741709759,0.9923943993864787,1.5768573665266299,0.2312102586510479,5.54904620762515,Weather - cyclone or tropical low,False
port_hedland,2024,5,2024-05-01,"https://www.pilbaraports.com.au/pilbaraportsauthority/media/documents/port%20of%20port%20hedland/about%20the%20port%20of%20port%20hedland/port%20statistics%20and%20reports/cargo%20weights%20by%20cargo%20type/2022/cargo,-grt-and-dwt-statistics-by-commodity-type_18.pdf",2024-05.pdf,2026-09-02,A,52706468.46,,304.0,,52.70646846,,0.0,0.0,0.0,0.0,0.0,9999.0,110,0,0.2193690078015048,50.72164876865895,50.72164876865895,0.0,0.0,0.0,1.0,1.6684752884427287,0.0,0.0,No weather event,False
port_hedland,2024,6,2024-06-01,"https://www.pilbaraports.com.au/pilbaraportsauthority/media/documents/port%20of%20port%20hedland/about%20the%20port%20of%20port%20hedland/port%20statistics%20and%20reports/cargo%20weights%20by%20cargo%20type/2024/cargo,-grt-and-dwt-statistics-by-commodity-type-june.pdf",2024-06.pdf,2026-09-02,A,54894776.38,,324.0,,54.89477638,,0.0,0.0,0.0,0.0,0.0,9999.0,111,0,0.0,52.696006420659046,52.696006420659046,0.0,0.0,0.0,1.0,1.7334212638374686,0.0,0.0,No weather event,False
port_hedland,2024,7,2024-07-01,"https://www.pilbaraports.com.au/pilbaraportsauthority/media/documents/port%20of%20port%20hedland/about%20the%20port%20of%20port%20hedland/port%20statistics%20and%20reports/cargo%20weights%20by%20cargo%20type/2024/cargo,-grt-and-dwt-statistics-by-commodity-type_july.pdf",2024-07.pdf,2026-09-02,A,43978999.44,,270.0,,43.97899944,,0.0,0.0,0.0,0.0,0.0,9999.0,112,0,0.0,46.06579084703551,46.06579084703551,0.0,0.0,0.0,1.0,1.5153220673366945,0.0,0.0,No weather event,False
port_hedland,2024,8,2024-08-01,"https://www.pilbaraports.com.au/pilbaraportsauthority/media/documents/port%20of%20port%20hedland/about%20the%20port%20of%20port%20hedland/port%20statistics%20and%20reports/cargo%20weights%20by%20cargo%20type/2024/cargo,-grt-and-dwt-statistics-by-commodity-type_2-august.pdf",2024-08.pdf,2026-09-02,A,48605590.78,,287.0,,48.60559078,,0.0,0.0,0.0,0.0,0.0,9999.0,113,0,0.0,49.04851163490845,49.04851163490845,0.0,0.0,0.0,1.0,1.6134378827272517,0.0,0.0,No weather event,False
port_hedland,2024,9,2024-09-01,"https://www.pilbaraports.com.au/pilbaraportsauthority/media/documents/port%20of%20port%20hedland/about%20the%20port%20of%20port%20hedland/port%20statistics%20and%20reports/cargo%20weights%20by%20cargo%20type/2024/cargo,-grt-and-dwt-statistics-by-commodity-type-september.pdf",2024-09.pdf,2026-09-02,A,49825667.18,,297.0,,49.82566718,,0.0,0.0,0.0,0.0,0.0,9999.0,114,0,0.0,49.154642200363,49.154642200363,0.0,0.0,0.0,1.0,1.616929019748783,0.0,0.0,No weather event,False
port_hedland,2024,10,2024-10-01,"https://www.pilbaraports.com.au/pilbaraportsauthority/media/documents/port%20of%20port%20hedland/about%20the%20port%20of%20port%20hedland/port%20statistics%20and%20reports/cargo%20weights%20by%20cargo%20type/2024/cargo,-grt-and-dwt-statistics-by-commodity-type-october.pdf",2024-10.pdf,2026-09-02,A,46178591.02,,270.0,,46.178591020000006,,0.0,0.0,0.0,0.0,0.0,9999.0,115,0,0.0,48.51333482581753,48.51333482581753,0.0,0.0,0.0,1.0,1.5958333824282083,0.0,0.0,No weather event,False
port_hedland,2024,11,2024-11-01,"https://www.pilbaraports.com.au/pilbaraportsauthority/media/documents/port%20of%20port%20hedland/about%20the%20port%20of%20port%20hedland/port%20statistics%20and%20reports/cargo%20weights%20by%20cargo%20type/2024/cargo,-grt-and-dwt-statistics-by-commodity-type-november-2024.pdf",2024-11.pdf,2026-09-02,A,49286279.7,,276.0,,49.2862797,,0.0,0.0,0.0,0.0,0.0,9999.0,116,0,0.0,47.82447507945391,47.82447507945391,0.0,0.0,0.0,1.0,1.5731735223504577,0.0,0.0,No weather event,False
port_hedland,2024,12,2024-12-01,"https://www.pilbaraports.com.au/pilbaraportsauthority/media/documents/port%20of%20port%20hedland/about%20the%20port%20of%20port%20hedland/port%20statistics%20and%20reports/cargo%20weights%20by%20cargo%20type/2024/cargo,-grt-and-dwt-statistics-by-commodity-type-december.pdf",2024-12.pdf,2026-09-02,A,48259081.96,,277.0,,48.25908196,,0.0,0.0,0.0,0.0,0.0,9999.0,117,0,0.0,51.6679014536963,51.6679014536963,0.0,0.0,0.0,1.0,1.699602021503168,0.0,0.0,No weather event,False
port_hedland,2025,1,2025-01-01,"https://www.pilbaraports.com.au/pilbaraportsauthority/media/documents/port%20of%20port%20hedland/about%20the%20port%20of%20port%20hedland/port%20statistics%20and%20reports/cargo%20weights%20by%20cargo%20type/2025/cargo,-grt-and-dwt-statistics-by-commodity-type.pdf",2025-01.pdf,2026-09-02,A,46525355.57,,274.0,,46.52535557,,1.0,3.0,3.0,1.722216783589308,45.0,111.0,118,1,0.0,45.3701706606513,48.2324502731083,2.8622796124570016,1.5657478267390739,4.158811398174927,0.9406565580589454,1.5865937589838257,1.8040406350080573,43.296975240193376,Weather - severe cyclone,True
port_hedland,2025,2,2025-02-01,"https://www.pilbaraports.com.au/pilbaraportsauthority/media/documents/port%20of%20port%20hedland/about%20the%20port%20of%20port%20hedland/port%20statistics%20and%20reports/cargo%20weights%20by%20cargo%20type/2025/cargo,-grt-and-dwt-statistics-by-commodity-type_february2025.pdf",2025-02.pdf,2026-09-02,A,37455376.63,,221.0,,37.45537663,,1.0,4.0,4.0,2.99155811724854,83.0,58.1,119,1,1.722216783589308,38.59688642896241,43.56877840567111,4.971891976708704,2.7197654007780954,7.224018552639305,0.8858840628852348,1.4331835001865498,3.4691244882888617,83.25898771893267,Weather - severe cyclone,True
port_hedland,2025,3,2025-03-01,"https://www.pilbaraports.com.au/pilbaraportsauthority/media/documents/port%20of%20port%20hedland/about%20the%20port%20of%20port%20hedland/port%20statistics%20and%20reports/cargo%20weights%20by%20cargo%20type/2025/cargo,-grt-and-dwt-statistics-by-commodity-type_1.pdf",2025-03.pdf,2026-09-02,A,51537091.99,,290.0,,51.53709199,,0.0,0.0,0.0,0.0,0.0,9999.0,120,0,2.99155811724854,49.760070460419406,49.760070460419406,0.0,0.0,0.0,1.0,1.6368444230401122,0.0,0.0,No weather event,False
port_hedland,2025,4,2025-04-01,"https://www.pilbaraports.com.au/pilbaraportsauthority/media/documents/port%20of%20port%20hedland/about%20the%20port%20of%20port%20hedland/port%20statistics%20and%20reports/cargo%20weights%20by%20cargo%20type/2025/cargo,-grt-and-dwt-statistics-by-commodity-type_april-(1).pdf",2025-04.pdf,2026-09-02,A,47304172.77,,270.0,,47.30417277,,0.0,0.0,0.0,0.0,0.0,9999.0,121,0,0.0,48.92116646372997,48.92116646372997,0.0,0.0,0.0,1.0,1.6092488968332226,0.0,0.0,No weather event,False
port_hedland,2025,5,2025-05-01,"https://www.pilbaraports.com.au/pilbaraportsauthority/media/documents/port%20of%20port%20hedland/about%20the%20port%20of%20port%20hedland/port%20statistics%20and%20reports/cargo%20weights%20by%20cargo%20type/2025/cargo,-grt-and-dwt-statistics-by-commodity-type_may2025.pdf",2025-05.pdf,2026-09-02,A,53637926.84,,303.0,,53.637926840000006,,0.0,0.0,0.0,0.0,0.0,9999.0,122,0,0.0,51.706351289979374,51.706351289979374,0.0,0.0,0.0,1.0,1.7008668187493217,0.0,0.0,No weather event,False
port_hedland,2025,6,2025-06-01,"https://www.pilbaraports.com.au/pilbaraportsauthority/media/documents/port%20of%20port%20hedland/about%20the%20port%20of%20port%20hedland/port%20statistics%20and%20reports/cargo%20weights%20by%20cargo%20type/cargo,-grt-and-dwt-statistics-by-commodity-type_june2025.pdf",2025-06.pdf,2026-09-02,A,55405420.64,,327.0,,55.40542064,,0.0,0.0,0.0,0.0,0.0,9999.0,123,0,0.0,53.680708941979475,53.680708941979475,0.0,0.0,0.0,1.0,1.7658127941440618,0.0,0.0,No weather event,False
port_hedland,2025,7,2025-07-01,"https://www.pilbaraports.com.au/pilbaraportsauthority/media/documents/port%20of%20port%20hedland/about%20the%20port%20of%20port%20hedland/port%20statistics%20and%20reports/cargo%20weights%20by%20cargo%20type/2025/cargo,-grt-and-dwt-statistics-by-commodity-type_july2025.pdf",2025-07.pdf,2026-09-02,A,46857471.52,,277.0,,46.85747152,,0.0,0.0,0.0,0.0,0.0,9999.0,124,0,0.0,47.05049336835594,47.05049336835594,0.0,0.0,0.0,1.0,1.5477135976432874,0.0,0.0,No weather event,False
port_hedland,2025,8,2025-08-01,https://www.pilbaraports.com.au/pilbaraportsauthority/media/documents/port%20of%20port%20hedland/about%20the%20port%20of%20port%20hedland/port%20statistics%20and%20reports/cargo%20weights%20by%20cargo%20type/2025/cargo-grt-and-dwt-statistics-by-commodity-type_aug2025.pdf,2025-08.pdf,2026-09-02,A,45266298.72,,266.0,,45.26629872,,0.0,0.0,0.0,0.0,0.0,9999.0,125,0,0.0,50.03321415622887,50.03321415622887,0.0,0.0,0.0,1.0,1.6458294130338447,0.0,0.0,No weather event,False
port_hedland,2025,9,2025-09-01,"https://www.pilbaraports.com.au/pilbaraportsauthority/media/documents/port%20of%20port%20hedland/about%20the%20port%20of%20port%20hedland/port%20statistics%20and%20reports/cargo%20weights%20by%20cargo%20type/2025/cargo,-grt-and-dwt-statistics-by-commodity-type_september2025.pdf",2025-09.pdf,2026-09-02,A,49367514.27,,286.0,,49.36751427,,0.0,0.0,0.0,0.0,0.0,9999.0,126,0,0.0,50.13934472168343,50.13934472168343,0.0,0.0,0.0,1.0,1.649320550055376,0.0,0.0,No weather event,False
port_hedland,2025,10,2025-10-01,"https://www.pilbaraports.com.au/pilbaraportsauthority/media/documents/port%20of%20port%20hedland/about%20the%20port%20of%20port%20hedland/port%20statistics%20and%20reports/cargo%20weights%20by%20cargo%20type/2025/cargo,-grt-and-dwt-statistics-by-commodity-type_october2025.pdf",2025-10.pdf,2026-09-02,A,50445967.76,,292.0,,50.445967759999995,,0.0,0.0,0.0,0.0,0.0,9999.0,127,0,0.0,49.49803734713796,49.49803734713796,0.0,0.0,0.0,1.0,1.6282249127348014,0.0,0.0,No weather event,False
port_hedland,2025,11,2025-11-01,"https://www.pilbaraports.com.au/pilbaraportsauthority/media/documents/port%20of%20port%20hedland/about%20the%20port%20of%20port%20hedland/port%20statistics%20and%20reports/cargo%20weights%20by%20cargo%20type/2025/cargo,-grt-and-dwt-statistics-by-commodity-type_november2025.pdf",2025-11.pdf,2026-09-02,A,48469776.09,,279.0,,48.46977609,,0.0,0.0,0.0,0.0,0.0,9999.0,128,0,0.0,48.80917760077433,48.80917760077433,0.0,0.0,0.0,1.0,1.6055650526570504,0.0,0.0,No weather event,False
port_hedland,2025,12,2025-12-01,"https://www.pilbaraports.com.au/pilbaraportsauthority/media/documents/port%20of%20port%20hedland/about%20the%20port%20of%20port%20hedland/port%20statistics%20and%20reports/cargo%20weights%20by%20cargo%20type/2025/cargo,-grt-and-dwt-statistics-by-commodity-type_december2025.pdf",2025-12.pdf,2026-09-02,A,51680981.47,,298.0,,51.68098147,,0.0,0.0,0.0,0.0,0.0,9999.0,129,0,0.0,52.65260397501673,52.65260397501673,0.0,0.0,0.0,1.0,1.731993551809761,0.0,0.0,No weather event,False
port_hedland,2026,1,2026-01-01,"https://www.pilbaraports.com.au/pilbaraportsauthority/media/documents/port%20of%20port%20hedland/about%20the%20port%20of%20port%20hedland/port%20statistics%20and%20reports/cargo%20weights%20by%20cargo%20type/2026/cargo,-grt-and-dwt-statistics-by-commodity-type_january2026.pdf",2026-01.pdf,2026-09-02,A,49994709.99,,288.0,,49.99470999,,0.0,0.0,0.0,0.0,0.0,9999.0,130,0,0.0,49.21715279442873,49.21715279442873,0.0,0.0,0.0,1.0,1.6189852892904188,0.0,0.0,No weather event,False
port_hedland,2026,2,2026-02-01,"https://www.pilbaraports.com.au/pilbaraportsauthority/media/documents/port%20of%20port%20hedland/about%20the%20port%20of%20port%20hedland/port%20statistics%20and%20reports/cargo%20weights%20by%20cargo%20type/2026/cargo,-grt-and-dwt-statistics-by-commodity-type-february2026.pdf",2026-02.pdf,2026-09-02,A,40580988.62,,238.0,,40.58098862,,1.0,3.0,3.0,1.457339172911655,47.0,144.4,131,1,0.0,42.131421031392065,44.55348092699153,2.4220598955994674,1.3249352024386514,3.5191845887602917,0.9456370221763721,1.4655750304931425,1.6526345258382868,39.663228620118886,Weather - severe cyclone,True
port_hedland,2026,3,2026-03-01,"https://www.pilbaraports.com.au/pilbaraportsauthority/media/documents/port%20of%20port%20hedland/about%20the%20port%20of%20port%20hedland/port%20statistics%20and%20reports/cargo%20weights%20by%20cargo%20type/cargo,-grt-and-dwt-statistics-by-commodity-type_march2026.pdf",2026-03.pdf,2026-09-02,A,46994370.43,,275.0,,46.99437043,,2.0,3.0,3.0,0.7922425283882414,65.0,266.3,132,1,1.457339172911655,49.42808645380979,50.74477298173983,1.3166865279300382,0.7202647360623823,1.9131083197977006,0.9740527654266216,1.669235953346705,0.7887959310307036,18.931102344736885,Weather - severe cyclone,True
port_hedland,2026,4,2026-04-01,"https://www.pilbaraports.com.au/pilbaraportsauthority/media/documents/port%20of%20port%20hedland/about%20the%20port%20of%20port%20hedland/port%20statistics%20and%20reports/cargo%20weights%20by%20cargo%20type/2026/cargo,-grt-and-dwt-statistics-by-commodity-type_april2026.pdf",2026-04.pdf,2026-09-02,A,47063251.04,,277.0,,47.06325104,,0.0,0.0,0.0,0.0,0.0,9999.0,133,0,0.7922425283882414,49.9058689850504,49.9058689850504,0.0,0.0,0.0,1.0,1.6416404271398157,0.0,0.0,No weather event,False
port_hedland,2026,5,2026-05-01,https://www.pilbaraports.com.au/pilbaraportsauthority/media/documents/port%20of%20port%20hedland/about%20the%20port%20of%20port%20hedland/port%20statistics%20and%20reports/cargo%20weights%20by%20cargo%20type/2026/cargo_-grt-and-dwt-statistics-by-commodity-type_may2026.pdf,2026-05.pdf,2026-09-02,A,51563700.71,,297.0,,51.56370071,,0.0,0.0,0.0,0.0,0.0,9999.0,134,0,0.0,52.6910538112998,52.6910538112998,0.0,0.0,0.0,1.0,1.7332583490559146,0.0,0.0,No weather event,False
port_hedland,2026,6,2026-06-01,https://www.pilbaraports.com.au/pilbaraportsauthority/media/documents/port%20of%20port%20hedland/about%20the%20port%20of%20port%20hedland/port%20statistics%20and%20reports/cargo%20weights%20by%20cargo%20type/2026/20260728_cargo_-grt-and-dwt-statistics-by-commodity-type_june.pdf,2026-06.pdf,2026-09-02,A,52503731.86,,310.0,,52.50373186,,0.0,0.0,0.0,0.0,0.0,9999.0,135,0,0.0,54.6654114632999,54.6654114632999,0.0,0.0,0.0,1.0,1.7982043244506545,0.0,0.0,No weather event,False
port_hedland,2026,7,2026-07-01,https://www.pilbaraports.com.au/pilbaraportsauthority/media/documents/port%20of%20port%20hedland/about%20the%20port%20of%20port%20hedland/port%20statistics%20and%20reports/cargo%20weights%20by%20cargo%20type/2026/cargo_-grt-and-dwt-statistics-by-commodity-type_july2026.pdf,2026-07.pdf,2026-09-02,A,45027324.76,,269.0,,45.02732476,,0.0,0.0,0.0,0.0,0.0,9999.0,136,0,0.0,48.035195889676366,48.035195889676366,0.0,0.0,0.0,1.0,1.5801051279498806,0.0,0.0,No weather event,False
